#Ingreso/Gasto,Capítulo,Artículo,Concepto,Descripción
#
# Áreas de gasto y Políticas, definidas en la Orden EHA/3565/2008 y comunes a todas las EELL.
# Ver http://www.boe.es/buscar/doc.php?id=BOE-A-2008-19916
I,1,,,IMPUESTOS DIRECTOS
I,1,0,,IMPUESTO SOBRE LA RENTA
I,1,0,0,IMPUESTOS SOBRE LA RENTA DE LAS PERSONAS FÍSICAS
I,1,0,1,IMPUESTO SOBRE SOCIEDADES
I,1,0,2,IMPUESTO SOBRE LA RENTA DE NO RESIDENTES
I,1,1,,IMPUESTOS SOBRE EL CAPITAL
I,1,1,0,IMPUESTO SOBRE SUCESIONES Y DONACIONES
I,1,1,1,IMPUESTO SOBRE PATRIMONIO
I,1,1,2,IMPUESTO SOBRE BIENES INMUEBLES. BIENES INMUEB DE NAT RUSTIC
I,1,1,3,IMPTO SOBRE BIENES INMUEBLES. BIENES INMUEBLES DE NAT URBANA
I,1,1,4,IMPTO S/BIENES INMU. DE CARÁCTER ESPECIALES
I,1,1,5,IMPUESTO SOBRE VEHÍCULOS DE TRACCIÓN MECÁNICA
I,1,1,6,IMPUESTO SOBRE INCREM DEL VALOR DE LOS TERRN DE NAT URBANA
I,1,1,7,IMPUESTO SOBRE VIVIENDAS DESOCUPADAS
I,1,3,,IMPUESTO SOBRE LAS ACTIVIDADES ECONÓMICAS
I,1,3,0,IMPUESTO SOBRE ACTIVIDADES ECONÓMICAS
I,1,6,,RECARGOS SOBRE IMPTOS DIRECTOS DEL ESTADO Y DE LA C.A.
I,1,6,0,SOBRE IMPUESTOS DEL ESTADO
I,1,6,1,SOBRE IMPUESTOS DE OTROS ENTES LOCALES
I,1,7,,RECARGOS SOBRE IMPUESTOS DIRECTOS DE OTROS ENTES LOCALES
I,1,7,0,EN EL IMPUESTO SOBRE BIENES INMUEBLES
I,1,7,1,RECARGO PROVINCIAL EN EL IMPTO SOBRE ACTIVIDADES ECONÓMICAS
I,1,7,9,OTROS RECARGOS SOBRE IMPTOS DIRECTOS DE OTROS ENTES LOCALES
I,1,8,,IMPUESTOS DIRECTOS EXTINGUIDOS
I,1,8,0,IMPUESTOS DIRECTOS EXTINGUIDOS
I,1,9,,OTROS IMPUESTOS DIRECTOS
I,1,9,0,OTROS IMPUESTOS DIRECTOS EXTINGUIDOS
I,2,,,IMPUESTOS INDIRECTOS
I,2,1,,IMPUESTO SOBRE EL VALOR AÑADIDO
I,2,1,0,IMPUESTO SOBRE EL VALOR AÑADIDO
I,2,2,,SOBRE CONSUMOS ESPECÍFICOS
I,2,2,0,IMPUESTOS ESPECIALES
I,2,6,,RECARGOS SOBRE IMTOS INDIRECTOS DEL ESTADO DE LA C.A.
I,2,6,0,SOBRE IMPUESTOS DEL ESTADO
I,2,6,1,SOBRE IMPUESTOS DE LA COMUNIDAD AUTÓNOMA
I,2,7,,RECARGOS SOBRE IMPUESTOS DIRECTOS DE OTROS ENTES LOCALES
I,2,7,0,SOBRE IMPUESTOS DE OTROS ENTES LOCALES
I,2,8,,IMPUESTOS INDIRECTOS EXTINGUIDOS
I,2,8,0,IMPUESTOS INDIRECTOS EXTINGUIDOS
I,2,9,,OTROS IMPUESTOS INDIRECTOS
I,2,9,0,"IMPUESTO SOBRE CONSTRUCCIONES, INSTALACIONES Y OBRAS"
I,2,9,1,IMPUESTO SOBRE GASTOS SUNTUARIOS (COTOS DE CAZA Y PESCA)
I,2,9,2,ARBITRIO S/ IMPORT Y ENTREGAS DE MERCANCÍAS EN CANARIAS (AIEM)
I,2,9,3,IMPUESTO GENERAL INDIRECTO CANARIO (IGIC)
I,2,9,4,IMPUESTO S/ LA PROD. SERV Y LA IMPORT (IPSI) DE CEUTA Y MELILLA
I,2,9,5,IMPUESTO SOBRE PRIMAS DE SEGUROS
I,2,9,6,IMPUESTO S/ TRANSM PATRIM Y ACTOS JURÍDICOS DOCUMENTADOS
I,2,9,9,OTROS IMPUESTO INDIRECTOS
I,3,,,"TASAS, PRECIOS PÚBLICOS Y OTROS INGRESOS"
I,3,0,,TASAS POR LA PRESTACIÓN DE SERVICIOS PÚBLICOS BÁSICOS
I,3,0,0,SERVICIO DE ABASTECIMIENTO DE AGUA
I,3,0,1,SERVICIO DE ALCANTARILLADO
I,3,0,2,SERVICIO DE RECOGIDA DE BASURAS
I,3,0,3,SERVICIO DE TRATAMIENTO DE RESIDUOS
I,3,0,4,CANON DE SANEAMIENTO
I,3,0,5,SERVICIOS FUNERARIOS
I,3,0,9,OTRAS TASAS POR PRESTACIÓN DE SERVICIOS BÁSICOS
I,3,1,,TASAS POR LA PREST DE SERV PUBL DE CARÁCTER SOCIAL PREFE
I,3,1,0,SERVICIOS HOSPITALARIOS
I,3,1,1,SERVICIOS ASISTENCIALES
I,3,1,2,SERVICIOS EDUCATIVOS
I,3,1,3,SERVICIOS DEPORTIVOS
I,3,1,4,SERVICIOS SANITARIOS DE PERRERA MUNICIPAL
I,3,1,9,OTRAS TASAS POR PREST DE SERVICIOS DE CARÁCTER PREFERENTE
I,3,2,,TASAS POR LA REALIZAC DE ACTIVID DE COMPETENCIA LOCAL
I,3,2,0,LICENCIAS DE CAZA Y PESCA
I,3,2,1,LICENCIAS URBANÍSTICAS
I,3,2,2,CEDULAS DE HABITABILIDAD Y LICENCIAS DE PRIMERA OCUPACIÓN
I,3,2,3,TASAS POR OTROS SERVICIOS URBANÍSTICOS
I,3,2,4,TASAS SOBRE EL JUEGO
I,3,2,5,TASA POR EXPEDICIÓN DE DOCUMENTOS
I,3,2,6,TASA POR RETIRADA DE VEHÍCULOS
I,3,2,7,TASA POR SERVICIO DE BODAS
I,3,2,9,OTRAS TASAS POR LA REALIZAC DE ACTIV DE COMP LOCAL
I,3,3,,TASA POR UTILIZACIÓN PRIVATIVA O APROVECHAMIENTO DOMINIO PUB
I,3,3,0,TASA POR ESTACIONAMIENTO ZONA SER
I,3,3,1,TASA POR ENTRADA DE VEHÍCULOS
I,3,3,2,TASA POR UTIL PRIVAT O APROVE ESP POR EMP EXPL DE SER DE SUM
I,3,3,3,TASA POR UTILIZ. PRIVAT. O APROV.ESPEC. EMPRESAS TELECOMUN.
I,3,3,4,TASA POR APERTURA DE CALAS Y ZANJAS
I,3,3,5,TASA POR OCUPACIÓN DE LA VÍA PUBLICA CON TERRAZAS
I,3,3,6,TASA OCUPACIÓN VÍA PUBLICA CON SUSPENSIÓN TRAFICO
I,3,3,7,TASAS POR APROVECHAMIENTO DEL VUELO
I,3,3,8,COMPENSACIÓN DE TELEFÓNICA DE ESPAÑA S.A.
I,3,3,9,OTRAS TASAS POR UTILIZACIÓN PRIVATIVA DEL DOMINIO PUBLICO
I,3,4,,PRECIOS PÚBLICOS
I,3,4,0,SERVICIOS HOSPITALARIOS
I,3,4,1,SERVICIOS ASISTENCIALES
I,3,4,2,SERVICIOS EDUCATIVOS
I,3,4,3,SERVICIOS DEPORTIVOS
I,3,4,4,"ENTRADAS A MUSEOS, EXPOSICIONES Y ESPECTÁCULOS"
I,3,4,5,SERVICIO DE TRANSPORTE PUBLICO URBANO
I,3,4,6,ACTIVIDADES CULTURALES
I,3,4,7,CURSOS Y ACTIVIDADES PARTICIPACION CIUDADANA
I,3,4,8,CURSOS Y ACTIVIDADES JUVENTUD
I,3,4,9,OTROS PRECIOS PÚBLICOS
I,3,5,,CONTRIBUCIONES ESPECIALES
I,3,5,0,PARA LA EJECUCIÓN DE OBRAS
I,3,5,1,PARA EL ESTABLECIMIENTO O AMPLIACIÓN DE SERVICIOS
I,3,6,,VENTAS
I,3,6,0,VENTAS
I,3,8,,REINTEGROS DE OPERACIONES CORRIENTES
I,3,8,0,REINTEGROS DE AVALES
I,3,8,9,OTROS REINTEGROS DE OPERACIONES CORRIENTES
I,3,9,,OTROS INGRESOS
I,3,9,0,OTROS INGRESOS
I,3,9,1,MULTAS
I,3,9,2,RECARGOS PERIODO EJECUTIVO Y DECL.ESTEMP.SIN REQUE.PREVIO
I,3,9,3,INTERESES DE DEMORA
I,3,9,4,PRESTACIÓN PERSONAL
I,3,9,5,PRESTACIÓN DE TRANSPORTE
I,3,9,6,INGRESOS POR ACTUACIONES DE URBANIZACIÓN
I,3,9,7,APROVECHAMIENTOS URBANÍSTICOS
I,3,9,8,INDEMNIZACIONES DE SEGUROS DE NO VIDA
I,3,9,9,OTROS INGRESOS DIVERSOS
I,4,,,TRANSFERENCIAS CORRIENTES
I,4,0,,DE LA ADMINISTRACION GENERAL DE LA ENTIDAD LOCAL
I,4,0,0,DE LA ADMINISTRACION GENERAL DE LA ENTIDAD LOCAL
I,4,1,,DE ORGANISMOS AUTÓNOMOS DE LA ENTIDAD LOCAL
I,4,1,0,DE ORGANISMOS AUTÓNOMOS DE LA ENTIDAD LOCAL
I,4,2,,DE LA ADMINISTRACION DEL ESTADO
I,4,2,0,DE LA ADMINISTRACION GENERAL DEL ESTADO
I,4,2,1,DE ORGANISMO AUTÓNOMOS Y AGENCIAS ESTATALES
I,4,2,2,DE FUNDACIONES ESTATALES
I,4,2,3,"DE SOC.MERC.ESTATALES,ENT.PUB. EMPRES Y OTROS ORG.PUBLICOS"
I,4,3,,DE LA SEGURIDAD SOCIAL
I,4,3,0,DE LA SEGURIDAD SOCIAL
I,4,3,2,OTRAS TRANSFERENCIAS
I,4,4,,DE ENTES PÚBLICOS Y SOCIED MERCANTILES DE LA ENTIDAD LOCAL
I,4,4,0,DE ENTES PÚBLICOS
I,4,4,1,DE SOCIEDADES MERCANTILES
I,4,5,,DE COMUNIDADES AUTÓNOMAS
I,4,5,0,DE LA ADMINISTRACION GENERAL DE LAS COMUNIDADES AUTÓNOMAS
I,4,5,1,DE ORGANISMOS AUTÓNOMOS Y AGENCIAS DE LAS C.A.
I,4,5,2,DE FUNDACIONES DE LAS COMUNIDADES AUTÓNOMAS
I,4,5,3,"DE SOC MERC, ENT PUB EMPR Y OTROS ORG PUB DEPEN DE CC.AA."
I,4,6,,DE ENTIDADES LOCALES
I,4,6,0,DE ENTIDADES LOCALES
I,4,6,1,"DE DIPUTACIONES, CONSEJOS O CABILDOS "
I,4,6,2,DE AYUNTAMIENTOS
I,4,6,3,DE MANCOMUNIDADES
I,4,6,4,DE ÁREAS METROPOLITANAS
I,4,6,5,DE COMARCAS
I,4,6,6,DE OTRAS ENTIDADES QUE AGRUPEN MUNICIPIOS
I,4,6,7,DE CONSORCIOS
I,4,6,8,DE ENTIDADES LOCALES MENORES
I,4,7,,DE EMPRESAS PRIVADAS
I,4,7,0,DE EMPRESAS PRIVADAS
I,4,8,,DE FAMILIAS E INSTITUCIONES SIN FINES DE LUCRO
I,4,8,0,SUBVENCIONES A FAMILIAS S/FINES DE LUCRO
I,4,9,,DEL EXTERIOR
I,4,9,0,DEL FONDO SOCIAL EUROPEO
I,4,9,1,DEL FONDO DE DESARROLLO REGIONAL
I,4,9,2,DEL FONDO DE COHESIÓN
I,4,9,3,DEL FONDO EUROPEO AGRÍCOLA DE GARANTÍA (FEAGA)
I,4,9,4,DEL FONDO EUROPEO AGRÍCOLA DE DESARROLLO RURAL (FEADER)
I,4,9,5,DEL FEOGA-ORIENTACION
I,4,9,6,DEL FONDO EUROPEO DE LA PESCA (FEP)
I,4,9,7,OTRAS TRANSFERENCIAS DE LA UNIÓN EUROPEA
I,4,9,9,"OTRAS TRANSF DEL EXTERIOR, EXCLUYENDO LA UNIÓN EUROPEA"
I,5,,,INGRESOS PATRIMONIALES
I,5,0,,INTERESES DE TÍTULOS Y VALORES
I,5,0,0,DEL ESTADO
I,5,0,1,DE ORGANISMO AUTÓNOMOS Y AGENCIAS
I,5,0,4,"DE SOC MERC EST, ENT PUB EMPR Y OTROS ORGANISMOS PÚBLICOS"
I,5,0,5,DE COMUNIDADES AUTÓNOMAS
I,5,0,6,DE ENTIDADES LOCALES
I,5,0,7,DE EMPRESAS PRIVADAS
I,5,1,,INTERESES DE ANTICIPOS Y PRÉSTAMOS CONCEDIDOS
I,5,1,1,DE ORGANISMO AUTÓNOMOS Y AGENCIAS
I,5,1,4,"DE SOC MERC, ENT PUB EMPR Y OTROS ORGANISMO PÚBLICOS"
I,5,1,8,INTERESES PRÉSTAMO PERSONAL
I,5,2,,INTERESES DE DEPÓSITOS
I,5,2,0,INTERESES EN CTAS.BANCOS Y CAJAS DE AHORRO
I,5,3,,DIVIDENDOS Y PARTICIPACIÓN BENEFICIOS
I,5,3,1,DE ORGANISMO AUTÓNOMOS Y AGENCIAS
I,5,3,4,"DE SOC MERC, ENTID PÚB EMPR Y OTROS ORGANISMOS PÚBLICOS"
I,5,3,7,DE EMPRESAS PRIVADAS
I,5,4,,RENTA DE BIENES INMUEBLES
I,5,4,0,RENTAS DE BIENES INMUEBLES
I,5,4,1,ARRENDAMIENTOS DE FINCAS URBANAS
I,5,4,2,ARRENDAMIENTOS DE FINCAS RUSTICAS
I,5,4,4,CENSOS
I,5,4,9,OTRAS RENTAS DE BIENES INMUEBLES
I,5,5,,PRODUCTOS DE CONCESIONES Y APROVECHAMIENTOS ESPECIALES
I,5,5,0,DE CONCESIONES ADMTIVAS CON CONTRAPRESTACIÓN PERIÓDICA
I,5,5,1,DE CONCESIONES ADMTIVAS CON CONTRAPRESTACIÓN NO PERIÓDICA
I,5,5,2,DERECHO DE SUPERFICIE CON CONTRAPRESTACIÓN PERIÓDICA
I,5,5,3,DERECHO DE SUPERFICIE CON CONTRAPRESTACIÓN NO PERIÓDICA
I,5,5,4,APROVECHAMIENTOS AGRÍCOLAS Y FORESTALES
I,5,5,5,APROVECHAMIENTOS ESPECIALES CON CONTRAPRESTACIÓN
I,5,5,9,OTRAS CONCESIONES Y APROVECHAMIENTOS
I,5,9,,OTROS INGRESOS PATRIMONIALES
I,5,9,0,OTROS INGRESOS PATRIMONIALES
I,5,9,1,BENEFICIOS POR REALIZACIÓN DE INVERSIONES FINANCIERAS
I,5,9,2,INGRESOS POR OPERACIONES DE INTERCAMBIO FINANCIERO
I,5,9,9,OTROS INGRESOS PATRIMONIALES
I,6,,,ENAJENACIÓN DE INVERSIONES REALES
I,6,0,,DE TERRENOS
I,6,0,0,VENTA DE SOLARES
I,6,0,1,VENTA DE FINCAS RUSTICAS
I,6,0,2,PARCELAS SOBRANTES DE LA VÍA PUBLICA
I,6,0,3,PATRIMONIO PUBLICO DEL SUELO
I,6,0,9,OTROS TERRENOS
I,6,1,,DE LAS DEMÁS INVERSIONES REALES
I,6,1,0,DE LAS DEMÁS INVERSIONES REALES
I,6,1,1,DE INVERSIONES DE CARÁCTER INMATERIAL
I,6,1,2,DE OBJETOS VALIOSOS
I,6,1,9,DE OTRAS INVERSIONES REALES
I,6,8,,REINTEGROS POR OPERACIONES DE CAPITAL
I,6,8,0,DE EJERCICIOS CERRADOS
I,7,,,TRANSFERENCIAS DE CAPITAL
I,7,0,,DE LA ADMINISTRACION GENERAL DE LA ENTIDAD LOCAL
I,7,0,0,DE LA ADMINISTRACION GENERAL DE LA ENTIDAD LOCAL
I,7,1,,DE ORGANISMOS AUTÓNOMOS DE LA ENTIDAD LOCAL
I,7,1,0,DE ORGANISMOS AUTÓNOMOS DE LA ENTIDAD LOCAL
I,7,2,,DE LA ADMINISTRACION DEL ESTADO
I,7,2,0,DE LA ADMINISTRACION GENERAL DEL ESTADO
I,7,2,1,DE ORGANISMO AUTÓNOMOS Y AGENCIAS ESTATALES
I,7,2,2,DE FUNDACIONES ESTATALES
I,7,2,3,"DE SOC MERC EST, ENTD PUB EMPR Y OTROS ORGANISMOS PÚBLICOS"
I,7,3,,DE LA SEGURIDAD SOCIAL
I,7,3,0,DE LA SEGURIDAD SOCIAL
I,7,4,,DE ENTES PUB Y SOCIEDADES MERCANTILES DE LA ENTIDAD LOCAL
I,7,4,0,DE ENTES PÚBLICOS
I,7,4,1,DE SOCIEDADES MERCANTILES
I,7,5,,DE COMUNIDADES AUTÓNOMAS
I,7,5,0,DE LA ADMINISTRACION GENERAL DE LAS COMUNIDADES AUTÓNOMAS
I,7,5,1,DE ORGANISMOS AUTÓNOMOS Y AGENCIAS DE LAS CC.AA.
I,7,5,2,DE FUNDACIONES DE LAS COMUNIDADES AUTÓNOMAS
I,7,5,3,"DE SOC MERC, ENT PUB EMPR Y OTROS ORAGA PUB DEPEN DE CC.AA."
I,7,6,,DE ENTIDADES LOCALES
I,7,6,0,DE ENTIDADES LOCALES
I,7,6,1,"DE DIPUTACIONES, CONSEJOS O CABILDOS "
I,7,6,2,DE AYUNTAMIENTOS
I,7,6,3,DE MANCOMUNIDADES
I,7,6,4,DE ÁREAS METROPOLITANAS
I,7,6,5,DE COMARCAS
I,7,6,6,DE OTRAS ENTIDADES QUE AGRUPEN MUNICIPIOS
I,7,6,7,DE CONSORCIOS
I,7,6,8,DE ENTIDADES LOCALES MENORES
I,7,7,,DE EMPRESAS PRIVADAS
I,7,7,0,APORTACIÓN EMPRESAS
I,7,8,,DE FAMILIAS E INSTITUCIONES SIN FINES DE LUCRO
I,7,8,0,DE FAMILIAS E INSTITUCIONES SIN FINES DE LUCRO
I,7,9,,DEL EXTERIOR
I,7,9,0,DEL FONDO SOCIAL EUROPEO
I,7,9,1,DEL FONDO DE DESARROLLO REGIONAL
I,7,9,2,DEL FONDO DE COHESIÓN
I,7,9,3,DEL FONDO EUROPEO AGRÍCOLA DE GARANTÍA (FEAGA)
I,7,9,4,DEL FONDO EUROPEO AGRÍCOLA DE DESARROLLO RURAL (FEADER)
I,7,9,5,DEL FEOGA-ORIENTACION
I,7,9,6,DEL FONDO EUROPEO DE LA PESCA (FEP)
I,7,9,7,OTRAS TRANSFERENCIAS DE LA UNIÓN EUROPEA
I,7,9,9,"OTRAS TRANSFERENCIAS DEL EXTERIOR, EXCLUYENDO LA U.E."
I,8,,,ACTIVOS FINANCIEROS
I,8,0,,ENAJENACIÓN DE DEUDA DEL SECTOR PUBLICO
I,8,0,0,ENAJENACIÓN DE DEUDA DEL SECTOR PUBLICO A CORTO PLAZO
I,8,0,1,ENAJENACIÓN DE DEUDA DEL SECTOR PUBLICO A LARGO PLAZO
I,8,1,,ENAJENACIÓN DE OBLIG Y BONOS FUERA DEL SECTOR PUBLICO
I,8,1,0,ENAJENACIÓN DE OBLIG Y BONOS FUERA DEL SECTOR PUBLICO A C/P
I,8,1,1,ENAJENACIÓN DE OBLIG Y BONOS FUERA DEL SECTOR PUBLICO A L/P
I,8,2,,REINTEGRO DE PREST Y ANTICIPOS CONCEDIDOS AL SECTOR PUBLICO
I,8,2,0,REINTEGRO DE PREST Y ANTIC. CONCEDIDOS AL SECTOR PUB A C/P
I,8,2,1,REINTEGRO DE PREST Y ANTICIPOS CONCEDIDOS AL SECTOR PUB L/P
I,8,3,,REINTEGROS DE PRESTAMOS DE FUERA DEL SECTOR PUBLICO
I,8,3,0,REINTEGROS DE PRESTAMOS DE FUERA DEL SECTOR PUBLICO A C/P
I,8,3,1,REINTEGROS DE PRESTAMOS DE FUERA DEL SECTOR PUBLICO A L/P
I,8,4,,DEVOLUCIÓN DE DEPÓSITOS Y FIANZAS CONSTITUIDOS
I,8,4,0,DEVOLUCIÓN DE DEPÓSITOS 
I,8,4,1,DEVOLUCIÓN DE FIANZAS
I,8,5,,ENAJENACIÓN DE ACCIONES Y PARTICIPACIONES DEL SECTOR PUBLICO
I,8,5,0,ENAJENACIÓN DE ACCIONES Y PARTICIPACIONES DEL SECTOR PUBLICO
I,8,6,,ENAJENACIÓN DE ACCIONES Y PARTICIPACIONES FUERA DEL SECTOR PUBLICO
I,8,6,0,ENAJENACIÓN DE ACCIONES Y PARTICIPACIONES FUERA DEL SECTOR PUBLICO
I,8,7,,REMANENTE DE TESORERÍA
I,8,7,0,REMANENTE DE TESORERÍA
I,9,,,PASIVOS FINANCIEROS
I,9,0,,EMISIÓN DE DEUDA PUBLICA EN EUROS
I,9,0,0,EMISIÓN DE DEUDA PUBLICA EN EUROS A CORTO PLAZO
I,9,0,1,EMISIÓN DE DEUDA PUBLICA EN EUROS A LARGO PLAZO
I,9,1,,PRESTAMOS RECIBIDOS EN EUROS
I,9,1,0,PRESTAMOS RECIBIDOS A C/P DE ENTES DEL SECTOR PUBLICO
I,9,1,1,PRESTAMOS RDL 4/2012
I,9,1,2,PRESTAM RECIBIDOS A C/P DE ENTES DE FUERA DEL SECTOR PUBLICO
I,9,1,3,PRESTAM RECIBIDOS A L/P DE ENTES DE FUERA DEL SECTOR PUBLICO
I,9,2,,EMISIÓN DE DEUDA PUBLICA EN MONEDA DISTINTA DEL EURO
I,9,2,0,EMISIÓN DE DEUDA PUBLICA EN MONEDA DISTINTA DEL EURO A C/P
I,9,2,1,EMISIÓN DE DEUDA PUBLICA EN MONEDA DISTINTA DEL EURO A L/P
I,9,3,,PRESTAMOS RECIBIDOS EN MONEDA DISTINTA DEL EURO
I,9,3,0,PRESTAMOS RECIBIDOS EN MONEDA DISTINTA DEL EURO A C/P
I,9,3,1,PRESTAMOS RECIBIDOS EN MONEDA DISTINTA DEL EURO A L/P
I,9,4,,DEPÓSITOS Y FIANZAS RECIBIDOS
I,9,4,0,DEPÓSITOS RECIBIDOS
I,9,4,1,FIANZAS RECIBIDAS
G,1,,,GASTOS DE PERSONAL.
G,1,0,,ÓRGANOS DE GOBIERNO Y PERSONAL DIRECTIVO
G,1,0,0,RETRIB.BASICAS Y OTRAS REMUN. DE MIEMBROS DE ÓRGANOS DE GOB.
G,1,0,1,RETRIB. BÁSICAS Y OTRAS REMUNERACIONES DE PERSONAL DIRECTIVO
G,1,0,7,CONTRIBUCIONES A PLANES Y FONDOS DE PENSIONES
G,1,1,,PERSONAL EVENTUAL
G,1,1,0,RETRIB. BÁSICAS Y OTRAS REMUNERACIONES DE PERSONAL EVENTUAL
G,1,1,7,CONTRIBUCIONES A PLANES Y FONDOS DE PENSIONES
G,1,2,,PERSONAL FUNCIONARIO
G,1,2,0,RETRIBUCIONES BÁSICAS
G,1,2,1,RETRIBUCIONES COMPLEMENTARIAS
G,1,2,2,RETRIBUCIONES EN ESPECIE
G,1,2,4,RETRIB. DE FUNCIONARIOS EN PRACTICAS
G,1,2,7,CONTRIBUCIONES A PLANES Y FONDOS DE PENSIONES
G,1,3,,PERSONAL LABORAL
G,1,3,0,LABORAL FIJO
G,1,3,1,LABORAL TEMPORAL
G,1,3,2,RETRIBUCIONES EN ESPECIE
G,1,3,7,CONTRIBUCIONES A PLANES Y FONDOS DE PENSIONES
G,1,4,,OTRO PERSONAL
G,1,4,0,OTRO PERSONAL
G,1,4,3,OTRO PERSONAL
G,1,4,7,CONTRIBUCIONES A PLANES Y FONDOS DE PENSIONES
G,1,5,,INCENTIVOS AL RENDIMIENTO
G,1,5,0,PRODUCTIVIDAD
G,1,5,1,GRATIFICACIONES
G,1,5,2,OTROS INCENTIVOS AL RENDIMIENTO
G,1,5,3,COMPLEMENTO DE DEDICACIÓN ESPECIAL
G,1,6,,"CUOTAS, PRESTACIONES Y GASTOS SOC. A CARGO DEL EMPLEADO"
G,1,6,0,CUOTAS SOCIALES
G,1,6,1,PRESTACIONES SOCIALES
G,1,6,2,GASTOS SOCIALES DEL PERSONAL
G,1,6,4,COMPLEMENTO FAMILIAR
G,1,7,,OTROS CONCEPTOS
G,1,7,0,OTROS CONCEPTOS
G,2,,,GASTOS CORRIENTES EN BIENES Y SERVICIOS.
G,2,0,,ARRENDAMIENTOS Y CÁNONES
G,2,0,0,ARRENDAMIENTOS DE TERRENOS Y BIENES NATURALES
G,2,0,2,ARRENDAMIENTOS DE EDIFICIOS Y OTRAS CONSTRUCCIONES
G,2,0,3,ARRENDAMIENTOS DE MAQUINARIA INSTALACIONES Y UTILLAJE
G,2,0,4,ARRENDAMIENTOS DE MATERIAL DE TRANSPORTE
G,2,0,5,ARRENDAMIENTOS DE MOBILIARIO Y ENSERES
G,2,0,6,ARRENDAMIENTOS DE EQUIPOS PARA PROCESOS DE INFORMACIÓN
G,2,0,8,ARRENDAMIENTOS DE OTRO INMOVILIZADO MATERIAL
G,2,0,9,CÁNONES
G,2,1,,"REPARACIONES, MANTENIMIENTO Y CONSERVACIÓN"
G,2,1,0,INFRAESTRUCTURAS Y BIENES NATURALES
G,2,1,2,EDIFICIOS Y OTRAS CONSTRUCCIONES
G,2,1,3,"MAQUINARIA, INSTALACIONES Y UTILLAJE"
G,2,1,4,ELEMENTOS DE TRANSPORTE
G,2,1,5,MOBILIARIO
G,2,1,6,EQUIPOS PARA PROCESOS DE INFORMACIÓN
G,2,1,9,OTRO INMOVILIZADO MATERIAL
G,2,2,,"MATERIAL, SUMINISTROS Y OTROS"
G,2,2,0,MATERIAL DE OFICINA
G,2,2,1,SUMINISTROS
G,2,2,2,COMUNICACIONES
G,2,2,3,TRANSPORTES
G,2,2,4,PRIMAS DE SEGUROS
G,2,2,5,TRIBUTOS
G,2,2,6,GASTOS DIVERSOS
G,2,2,7,TRABAJOS RELIZADOS POR OTRAS EMPRESAS Y PROFESIONALES
G,2,3,,INDEMNIZACIONES POR RAZÓN DEL SERVICIO
G,2,3,0,DIETAS
G,2,3,1,LOCOMOCIÓN
G,2,3,3,OTRAS INDEMNIZACIONES
G,2,4,,GASTOS DE PUBLICACIONES
G,2,4,0,GASTOS DE EDICIÓN Y DISTRIBUCIÓN
G,2,5,,TRABAJ REALIZADOS POR ADMONES PUBLIC Y OTRAS ENTID. PUBLIC
G,2,5,0,TRABAJOS REALIZADOS POR ADMINISTRACIONES PÚBLICAS Y OTRAS EN
G,2,6,,TRABAJOS RELIZADOS POR INSTITUCIONES SIN FINES DE LUCRO
G,2,6,0,TRABAJOS REALIZADOS POR INSTITUCIONES SIN FINES DE LUCRO
G,2,7,,GASTOS IMPREVISTOS Y FUNCIONES NO CLASIFICADAS
G,3,,,GASTOS FINANCIEROS.
G,3,0,,DE DEUDA PUBLICA EN EUROS
G,3,0,0,INTERESES
G,3,0,1,"GASTOS DE EMISIÓN, MODIFICACIÓN Y CANCELACIÓN"
G,3,0,9,OTROS GASTOS FINANCIEROS DE DEUDA PUBLICA EN EUROS
G,3,1,,DE PRESTAMOS Y OTRAS OPERACIONES FINANCIERAS EN EUROS
G,3,1,0,INTERESES
G,3,1,1,"GASTOS DE FORMALIZACIÓN, MODIFICACIÓN Y CANCELACIÓN"
G,3,1,9,OTROS GASTOS FROS DE PREST Y OTRAS OPERACIONES FRAS EN EUROS
G,3,2,,DE DEUDA PUBLICA EN MONEDA DISTINTA DEL EURO
G,3,2,0,INTERESES
G,3,2,1,"GASTOS DE EMISIÓN, MODIFICACIÓN Y CANCELACIÓN"
G,3,2,2,DIFERENCIAS DE CAMBIO
G,3,2,9,OTROS GTOS FROS DE DEUDA PUBLIC EN MONEDA DISTINTA DEL EURO
G,3,3,,DE PREST Y OTRAS OPERAC FRAS EN MONEDA DISTINTA DEL EURO
G,3,3,0,INTERESES
G,3,3,1,"GASTOS DE FORMALIZACIÓN, MODIFICACIÓN Y CANCELACIÓN"
G,3,3,2,DIFERENCIAS DE CAMBIO
G,3,3,9,OTROS GTOS FROS DE PREST Y OTRAS OPER FRAS MON DTA DE EURO
G,3,4,,"DE DEPÓSITOS, FIANZAS Y OTROS"
G,3,4,0,INTERESES DE DEPÓSITOS
G,3,4,1,INTERESES DE FIANZAS
G,3,5,,INTERESES DE DEMORA Y OTROS GASTOS FINANCIEROS
G,3,5,0,INTERESES DE DEMORA Y OTROS GASTOS FINANCIEROS
G,3,5,2,INTERESES DE DEMORA
G,3,5,3,OPERACIONES DE INTERCAMBIO FINANCIERO
G,3,5,7,EJECUCIÓN DE AVALES
G,3,5,8,INTERESES POR OPERACIONES DE ARRENDAMIENTO FRO (LEASING)
G,3,5,9,OTROS GASTOS FINANCIEROS
G,4,,,TRANSFERENCIAS CORRIENTES.
G,4,0,,A LA ADMINISTRACION GENERAL DE LA ENTIDAD LOCAL
G,4,0,0,A LA ADMINISTRACION GENERAL DE LA ENTIDAD LOCAL
G,4,1,,A ORGANISMOS AUTÓNOMOS DE LA ENTIDAD LOCAL
G,4,1,0,ORG.AUT.ADMTVOS DE LA ENTIDAD LOCAL
G,4,2,,A LA ADMINISTRACION DEL ESTADO
G,4,2,0,A LA ADMINISTRACION GENERAL DEL ESTADO
G,4,2,1,A ORGANISMOS AUTÓNOMOS Y AGENCIAS ESTATALES
G,4,2,2,A FUNDACIONES ESTATALES
G,4,2,3,"A SOCIED MERC ESTATALES, ENTID PUBLI EMPR Y OTROS ORGAN PUBL"
G,4,3,,A LA SEGURIDAD SOCIAL
G,4,3,0,A LA SEGURIDAD SOCIAL
G,4,4,,A ENTES PÚBLICOS Y SOCIEDADES MERCANTILES DE LA ENTIDAD LOCA
G,4,4,0,SUBVENCIONES PARA FOMENTO DEL EMPLEO
G,4,4,1,SUBV PARA BONIFICACIÓN DE INTERESES Y PRIMAS DE SEGUROS
G,4,4,2,SUBVEN PARA REDUCIR EL PRECIO A PAGAR POR LOS CONSUMIDORES
G,4,4,9,OTRAS SUBV A ENTES PUBLIC Y SOCIED MERCAT DE LA ENT LOCAL
G,4,5,,A COMUNIDADES AUTÓNOMAS
G,4,5,0,A LA ADMINISTRACION GENERAL DE LAS COMUNIDADES AUTÓNOMAS
G,4,5,1,A ORGANISMOS AUTÓNOMOS Y AGENCIAS DE LAS CC.AA.
G,4,5,2,A FUNDACIONES DE LAS COMUNIDADES AUTÓNOMAS
G,4,5,3,"A SOC MERC,ENTID PUB EMP Y OTROS ORGAN PUBLI DEP.DE CC.AA"
G,4,6,,A ENTIDADES LOCALES
G,4,6,0,A ENTIDADES LOCALES
G,4,6,1,"A DIPUTACIONES, CONSEJOS O CABILDOS INSULARES"
G,4,6,2,A AYUNTAMIENTOS
G,4,6,3,A MANCOMUNIDADES
G,4,6,4,A ÁREAS METROPOLITANAS
G,4,6,5,A COMARCAS
G,4,6,6,A OTRAS ENTIDADES QUE AGRUPEN MUNICIPIOS
G,4,6,7,A CONSORCIOS
G,4,6,8,A ENTIDADES LOCALES MENORES
G,4,7,,A EMPRESAS PRIVADAS
G,4,7,0,SUBVENCIONES PARA FOMENTO DEL EMPLEO
G,4,7,1,SUBV PARA BONIFICACIÓN DE INTERESES Y PRIMAS DE SEGUROS
G,4,7,2,SUBV PARA REDUCIR EL PRECIO A PAGAR POR LOS CONSUMIDORES
G,4,7,9,OTRAS SUBVENCIONES A EMPRESAS PRIVADAS
G,4,8,,A FAMILIAS E INSTITUCIONES SIN FINES DE LUCRO
G,4,8,0,ATENCIONES BENÉFICAS Y ASISTENCIALES
G,4,8,1,"PREMIOS, BECAS Y PENSIONES DE ESTUDIO E INVESTIGACIÓN"
G,4,8,9,OTRAS TRANSFERENCIAS
G,4,9,,AL EXTERIOR
G,4,9,0,AL EXTERIOR
G,5,,,FONDO DE CONTINGENCIA Y OTROS IMPREVISTOS
G,5,0,,FONDO DE CONTINGENCIA Y OTROS IMPREVISTOS
G,5,0,0,FONDO DE CONTINGENCIA Y OTROS IMPREVISTOS
G,6,,,INVERSIONES REALES.
G,6,0,,INVERS NUEVA EN INFRAESTRUCTURAS Y BIENES DESTIN AL USO GRAL
G,6,0,0,INVERSIONES EN TERRENOS
G,6,0,1,INVERSIÓN EN INFRAESTRUCTURAS
G,6,0,9,OTRAS INVERS NUEVAS E INFRAEST Y BIENES DEST AL USO GENERAL
G,6,1,,INVERS DE REPOSICIÓN INFRAES Y BIENES DEST AL USO GRAL
G,6,1,0,INVERSIONES EN TERRENOS
G,6,1,9,OTRAS INVER DE REPOSIC EN INFRAEST Y BIENES DEST AL USO GRAL
G,6,2,,INVERSIÓN NUEVA ASOCIADA AL FUNCIONA OPERAT DE LOS SERVICIOS
G,6,2,0,INVERSIÓN NUEVA ASOCIADA AL FUNCIONAMIENTO OPERATIVO DE LOS
G,6,2,1,TERRENOS Y BIENES NATURALES
G,6,2,2,EDIFICIOS Y OTRAS CONSTRUCCIONES
G,6,2,3,"MAQUINARIA, INSTALACIONES TÉCNICAS Y UTILLAJE"
G,6,2,4,ELEMENTOS DE TRANSPORTE
G,6,2,5,MOBILIARIO
G,6,2,6,EQUIPOS PARA PROCESOS DE INFORMACIÓN
G,6,2,7,PROYECTOS COMPLEJOS
G,6,2,9,OTRAS INV NUEVAS ASOC AL FUNCIONAM OPERATIVO DE LOS SERV
G,6,3,,INV. REPOS.ASOC.AL FUNCIONAMIENTO OPERATIVO DE LOS SERVICIOS
G,6,3,0,INVERSIÓN DE REPOSICIÓN ASOCIADA AL FUNCIONAMIENTO OPERATIVO
G,6,3,1,TERRENOS Y BIENES NATURALES
G,6,3,2,EDIFICIOS Y OTRAS CONSTRUCCIONES
G,6,3,3,"MAQUINARIA, INSTALACIONES TÉCNICAS Y UTILLAJE"
G,6,3,4,ELEMENTOS DE TRANSPORTE
G,6,3,5,MOBILIARIO
G,6,3,6,EQUIPOS PARA PROCESOS DE INFORMACIÓN
G,6,3,7,PROYECTOS COMPLEJOS
G,6,3,9,OTRAS INVER DE REPOSICIÓN ASOC AL FUNC OPERAT DE LOS SERV
G,6,4,,GASTOS EN INVERSIONES DE CARÁCTER INMATERIAL
G,6,4,0,GASTOS EN INVERSIONES DE CARÁCTER INMATERIAL
G,6,4,1,GASTOS EN APLICACIONES INFORMÁTICAS
G,6,4,8,CUOTAS NETAS DE INT POR OPERACIONES DE ARRENTO FRO LEASING
G,6,5,,INVERSIONES GESTIONADAS PARA OTROS ENTES PÚBLICOS
G,6,5,0,GASTOS EN INVERSIONES GESTIONADAS PARA OTROS ENTES PÚBLICOS
G,6,8,,GASTOS EN INVERSIONES DE BIENES PATRIMONIALES
G,6,8,0,GASTOS EN INVERSIONES DE BIENES PATRIMONIALES
G,6,8,1,TERRENOS Y BIENES NATURALES
G,6,8,2,EDIFICIOS Y OTRAS CONSTRUCCIONES
G,6,8,9,OTROS GASTOS EN INVERSIONES DE BIENES PATRIMONIALES
G,6,9,,INVERSIONES EN BIENES COMUNALES
G,6,9,0,TERRENOS Y BIENES NATURALES
G,6,9,2,INVERSIÓN EN INFRAESTRUCTURAS
G,7,,,TRANSFERENCIAS DE CAPITAL.
G,7,0,,A LA ADMINISTRACION GENERAL DE LA ENTIDAD LOCAL
G,7,0,0,A LA ADMINISTRACIÓN GENERAL DE LA ENTIDAD LOCAL
G,7,1,,A ORGANISMOS AUTÓNOMOS DE LA ENTIDAD LOCAL
G,7,1,0,OAL CENTRO EMPRESAS
G,7,2,,A LA ADMINISTRACION DEL ESTADO
G,7,2,0,A LA ADMINISTRACION GENERAL DEL ESTADO
G,7,2,1,A ORGANISMOS AUTÓNOMOS Y AGENCIAS
G,7,2,2,A FUNDACIONES ESTATALES
G,7,2,3,"A SOCI MERC ESTAT, ENTD PUBLI EMPR Y OTROS ORGAN PÚBLICOS"
G,7,3,,A LA SEGURIDAD SOCIAL
G,7,3,0,A LA SEGURIDAD SOCIAL
G,7,4,,A ENTES PUBLIC Y SOC MERCANTILES DE LA ENTIDAD LOCAL
G,7,4,0,A ENTES PÚBLICOS Y SOCIEDADES MERCANTILES DE LA ENTIDAD LOCAL
G,7,5,,A COMUNIDADES AUTÓNOMAS
G,7,5,0,A LA ADMINISTRACION GENERAL DE LAS COMUNIDADES AUTÓNOMAS
G,7,5,1,A ORGANISMOS AUTÓNOMOS Y AGENCIAS DE LAS CC.AA
G,7,5,2,A FUNDACIONES DE LAS COMUNIDADES AUTÓNOMAS
G,7,5,3,"A SOC MERC, ENTID PUB EMPR Y OTROS ORG PUB DEPEN DE CC.AA"
G,7,6,,A ENTIDADES LOCALES
G,7,6,0,A ENTIDADES LOCALES
G,7,6,1,"A DIPUTACIONES, CONSEJOS O CABILDOS"
G,7,6,2,A AYUNTAMIENTOS
G,7,6,3,A MANCOMUNIDADES
G,7,6,4,A ÁREAS METROPOLITANAS
G,7,6,5,A COMARCAS
G,7,6,6,A ENTIDADES QUE AGRUPEN MUNICIPIOS
G,7,6,7,A CONSORCIOS
G,7,6,8,A ENTIDADES LOCALES MENORES
G,7,7,,A EMPRESAS PRIVADAS
G,7,7,0,A EMPRESAS PRIVADAS
G,7,8,,A FAMILIAS E INSTITUCIONES SIN FINES DE LUCRO
G,7,8,0,A FAMILIAS E INSTITUCIONES SIN FINES DE LUCRO
G,7,9,,AL EXTERIOR
G,7,9,0,CUOTA PARTICIPACIÓN URBANIZACIÓN
G,8,,,ACTIVOS FINANCIEROS.
G,8,0,,ADQUISICIÓN DE DEUDA DEL SECTOR PUBLICO
G,8,0,0,ADQUISICIÓN DE DEUDA DEL SECTOR PUBLICO A CORTO PLAZO
G,8,0,1,ADQUISICIÓN DE DEUDA DEL SECTOR PUBLICO A LARGO PLAZO
G,8,1,,ADQUISICIÓN DE OBLIG Y BONOS FUERA DEL SECTOR PUBLICO
G,8,1,0,ADQ.DE OBLIG Y BONOS FUERA DEL SECTOR PUBL A C/P DES POR SEC
G,8,1,1,ADQ DE OBLIG Y BONOS FUERA DEL SECTOR PUB A L/P DES POR SEC
G,8,2,,CONCESIÓN PRESTAMOS AL SECTOR PUBLICO
G,8,2,0,PRESTAMOS A CORTO PLAZO
G,8,2,1,PRESTAMOS A LARGO PLAZO
G,8,3,,CONCESIÓN DE PRESTAMOS FUERA DEL SECTOR PUBLICO
G,8,3,0,PRESTAMOS A CORTO PLAZO. DESARROLLO POR SECTORES
G,8,3,1,PRESTAMOS A LARGO PLAZO. DESARROLLO POR SECTORES
G,8,4,,CONSTITUCIÓN DE DEPÓSITOS Y FIANZAS
G,8,4,0,DEPÓSITOS
G,8,4,1,FIANZAS
G,8,5,,ADQUISIC DE ACCIONES PARTICIPACIONES DEL SECTOR PUBLICO.
G,8,5,0,ADQUISIC DE ACCIONES Y PARTICIPACIONES DEL SECTOR PUBLICO
G,8,6,,ADQ DE ACCIONES Y PARTICIPACIONES FUERA DEL SECTOR PUBLICO
G,8,6,0,ADQ DE ACCIONES Y PARTICIPACIONES FUERA DEL SECTOR PUBLICO
G,8,7,,APORTACIONES PATRIMONIALES
G,8,7,0,APORTACIONES A FUNDACIONES
G,8,7,1,APORTACIONES A CONSORCIOS
G,8,7,2,APORTACIONES A OTROS ENTES
G,9,,,PASIVOS FINANCIEROS.
G,9,0,,AMORTIZACIÓN DE DEUDA PUBLICA EN EUROS
G,9,0,0,AMORTIZACIÓN DE DEUDA PUBLICA EN EUROS A CORTO PLAZO
G,9,0,1,AMORTIZACIÓN DE DEUDA PUBLICA EN EUROS A LARGO PLAZO
G,9,1,,AMORTIZACIÓN DE PRESTAMOS Y DE OPERACIONES EN EUROS
G,9,1,0,AMORT DE PRESTAMOS A C/P DE ENTES DEL SECTOR PUBLICO
G,9,1,1,AMORT DE PRESTAMOS A L/P DE ENTES DEL SECTOR PUBLICO
G,9,1,2,AMORTIZA.PRESTAMO A C/P DE ENTES DE FUERA DEL SECTOR PUBLICO
G,9,1,3,AMORT DE PREST A L/P DE ENTES DE FUERA DEL SECTOR PUBLICO
G,9,2,,AMORTIZACIÓN DE DEUDA PUBLICA EN MONEDA DISTINTA DEL EURO
G,9,2,0,AMORT DE DEUDA PUBLICA EN MONEDA DISTINTA DEL EURO A C/P
G,9,2,1,AMORT DE DEUDA PUBLICA EN MONEDA DISTINTA DEL EURO A L/P
G,9,3,,AMORTIZACIÓN DE PRESTAMOS EN MONEDA DISTINTA DEL EURO
G,9,3,0,AMORT DE PRESTAMOS EN MONEDA DISTINTA DEL EURO A C/P
G,9,3,1,AMORT DE PRESTAMOS EN MONEDA DISTINTA DEL EURO A L/P
G,9,4,,DEVOLUCIÓN DE DEPÓSITOS Y FIANZAS
G,9,4,0,DEVOLUCIÓN DE DEPÓSITOS
G,9,4,1,DEVOLUCIÓN DE FIANZAS