#EJECUCIÓN GASTOS CORRIENTES EJERCICIO 2011,,,,,,,
#Org.,Prog.,Econ.,DENOMINACIÓN DE LAS APLICACIONES,Créditos Iniciales,Modificaciones,Créditos Totales,Obligaciones Reconocidas
0,11,31000,INTERESES DE PRESTAMOS DEUDA PUBLICA.,838200,40000,878200,764904.51
0,11,912,AMORTIZACION PRESTAMOS CORTO PLAZO,799408.96,220000,1019408.96,1019408.96
0,132,12000,SUELDOS GRUPO A1 SEGURIDAD,0,0,0,10148.68
0,132,12001,SUELDOS GRUPO A2 SEGURIDAD,985.59,0,985.59,4266.32
0,132,12002,SUELDOS GRUPO B SEGURIDAD,0,0,0,0
0,132,12003,SUELDOS GRUPO C1 SEGURIDAD,39674.34,0,39674.34,39539.36
0,132,12004,SUELDOS GRUPO C2 SEGURIDAD,794792.25,0,794792.25,757965.24
0,132,12005,SUELDOS GRUPO E SEGURIDAD,0,0,0,0
0,132,12006,TRIENIOS FUNC. SEGURIDAD,81851.12,0,81851.12,95963.09
0,132,12100,COMPLEM.DESTINO SEGURIDAD,523599.07,0,523599.07,523092.35
0,132,12101,COMPLEM. ESPECIFICO SEGURIDAD,1542602.75,0,1542602.75,1388444.96
0,132,12103,OTROS COMPLEM.FUNC. SEGURIDAD,148372.42,0,148372.42,193213.62
0,132,122,RETRIB.ESPECIE SEGURIDAD,2429.16,0,2429.16,870
0,132,13000,R.B. L.F. SEGURIDAD,167929.48,29803.97,197733.45,181257.94
0,132,13001,HORAS EXTRAS L.F. SEGURIDAD,0,0,0,0
0,132,13002,O.R. L.F. SEGURIDAD,23926.68,0,23926.68,22226.74
0,132,15000,PRODUCT. FUNC.SEGURIDAD,522967.96,0,522967.96,502621.07
0,132,15100,GRATIFICACIONES F. SEGURIDAD,25072.08,0,25072.08,317.28
0,132,15101,GRATIFICACIONES L.F. SEGURIDA,0,0,0,0
0,132,15300,DEDICACION FUNC. SEGURIDAD,0,0,0,0
0,132,15301,DEDICACION LAB. SEGURIDAD,0,0,0,0
0,132,204,ARRENDA.MAT. TRANSPORTE SEGURIDAD,17000,0,17000,10161.16
0,132,212,EDIF. Y OTRAS CONSTRUCC. SEGURIDAD,3000,0,3000,1028.96
0,132,213,MAQ.INST. Y UTI. SEGURIDAD,10000,0,10000,2448.1
0,132,214,ELEMENTOS DE TRANSPORTE SEGURIDAD,2000,0,2000,17.7
0,132,22000,MAT.  OFICINA SEGURIDAD,3000,0,3000,0
0,132,22001,PRENSA LI. Y O. PUBLI. SEGURIDAD,600,0,600,0
0,132,22002,MAT.INFOR.NO INVENTARIABLE SEGURIDAD,1000,0,1000,0
0,132,22003,MAT. TEC. ESPE. NO INVENTARIABLE SEGURIDAD,9000,0,9000,181.77
0,132,22100,ENERGIA ELECTRICA SEGURIDAD,51082.92,0,51082.92,149731.57
0,132,22101,AGUA SEGURIDAD,1000,0,1000,5072.46
0,132,22102,GAS SEGURIDAD,10000,0,10000,4191.72
0,132,22104,VESTUARIO SEGURIDAD,90000,0,90000,30736.18
0,132,22105,PRODUCTOS ALIMENTICIOS,0,0,0,1000
0,132,225,TRIBUTOS  SEGURIDAD,0,0,0,1428.14
0,132,22601,ATENC. PROTO Y REPRE. SEGURIDAD,8000,0,8000,2656.75
0,132,22701,SEGURIDAD SEGURIDAD,350000,0,350000,32078.78
0,132,22706,ESTUD. Y TRABA. TECN. SEGURIDAD,55000,0,55000,43516.38
0,132,23020,DEL PERSONAL SEGURIDAD,0,0,0,0
0,132,23120,DEL PERSONAL NO DIRECTIVO,0,0,0,0
0,132,481,PREMIOS BECAS Y PENS.DE ESTU. SEGURIDAD,3000,0,3000,0
0,132,623,"MAQUINARIA, INSTALACIONES TECNICAS Y UTILLAJE",0,44371.82,44371.82,33431.76
0,133,22706,ESTUDIOS Y TRABAJOS TECNICOS,0,0,0,0
0,133,62302,INSTALACION CAMARAS VIGILANCIA TRAFICO (P5000),0,220166.58,220166.58,190363.5
0,133,62303,ADECUAC.SALA CONTROL MOVILIDAD TRAFICO (P5000),0,152802.06,152802.06,135847.5
0,134,213,"MAQUINARIA, INSTALACIONES Y UTILLAJE",0,0,0,0
0,134,22003,MAT.TEC.ESPE.NO. INVENTA.PROTECCION CIVIL.,3000,0,3000,0
0,134,22104,VESTUARIO PROTECCION CIVIL,17000,0,17000,0
0,134,224,PRIMAS DE SEGUROS PROTECCION CIVIL,5000,0,5000,7000.13
0,134,22601,ATENCIONES PROTOCOLARIAS Y PRESENTATIVAS,0,0,0,0
0,134,22699,OTROS GASTOS DIVERSOS,0,0,0,4001.83
0,134,23020,DEL PERSONAL NO DIRECTIVO,0,0,0,205.5
0,134,23120,DEL PERSONAL NO DIRECTIVO,0,0,0,131.68
0,134,489,OTRAS TRANSFERENCIAS PROTECCION CIVIL,3000,3750,6750,7165
0,135,22501,TRIBUTOS CAM SERVICIO DE EXTINCION DE INCENDIOS,2500000,0,2500000,2741305.6
0,135,622,EDIFICIOS Y OTRAS CONSTRUCCIONES,0,1689693.78,1689693.78,1684966.94
0,151,12000,SUELDOS GRUPO A1 URBANISMO,34838.7,0,34838.7,29354.64
0,151,12001,SUELDOS GRUPO A2 URBANISMO,0,0,0,0
0,151,12002,SUELDOS GRUPO B URBANISMO,0,0,0,0
0,151,12003,SUELDOS GRUPO C1 URBANISMO,10285.94,0,10285.94,9884.84
0,151,12004,SUELDOS GRUPO C2 URBANISMO,27106.94,0,27106.94,16757.16
0,151,12005,SUELDOS GRUPO E URBANISMO,7678.44,0,7678.44,7678.58
0,151,12006,TRIENIOS FUNC. URBANISMO,19866.28,0,19866.28,20010.4
0,151,12100,COMPLEM. DESTINO URBANISMO,52066.72,0,52066.72,41958.14
0,151,12101,COMPLEM. ESPEDIFICO URBANISMO,65995.56,0,65995.56,52061.24
0,151,12103,OTROS COMPLEM. FUNC. URBANISMO,4690.8,0,4690.8,7526.29
0,151,122,RETRIB. ESPECIE URBANISMO,0,0,0,0
0,151,13000,R.B. L.F. URBANISMO,1177047.98,0,1177047.98,1056344.73
0,151,13001,HORAS EXTRAS L.F. URBANISMO,26442.36,0,26442.36,2804.22
0,151,13002,O.R. L.F. URBANISMO,80534.28,0,80534.28,81979.64
0,151,131,R.L. T. URBANISMO,0,0,0,26846.95
0,151,15000,PRODUCT. FUNC. URBANISMO,65739.24,0,65739.24,53356.92
0,151,15100,GRATIFICACIONES F. URBANISMO,0,0,0,0
0,151,15101,GRATIFICACIONES L.F. URBANISMO,0,0,0,0
0,151,15301,DEDICACION LAB. URBANISMO,19239.24,0,19239.24,50795.51
0,151,202,ARRENDA.EDIF.Y OTR.CONSTRUCC. URBANISMO,125000,0,125000,122345.22
0,151,203,ARRENDA.MAQ.INSTA.UTILL. URBANISMO,12000,0,12000,7865.22
0,151,205,ARRENDAMIENTOS DE MOBILIARIO Y ENSERES,0,0,0,0
0,151,209,CANON PARKING DISUASORIO,391923,0,391923,362704
0,151,210,INFRAS. Y BIENES NATU. URBANISMO,0,0,0,0
0,151,212,EDIFIC. Y OTRAS CONSTRUC. URBANISMO,530000,0,530000,18196.39
0,151,213,MAQ.INST.Y UTILL.URBANISMO,2000,0,2000,12531.28
0,151,215,MOBILIARIO URBANISMO,500,0,500,80
0,151,22001,"PRENSA, LIB.Y OTR.PUBL.URBANISMO",2000,0,2000,120.6
0,151,22003,MAT.TEC.ESP.NO.INV.URBANISMO,1000,0,1000,526.34
0,151,22101,AGUA URBANISMO,192000,0,192000,405010.62
0,151,22102,GAS URBANISMO,10000,0,10000,1778.23
0,151,225,TRIBUTOS URBANISMO,2000,0,2000,19.2
0,151,22601,ATENC.PROTO.Y REPRESEN. URBANISMO,1000,0,1000,1089.55
0,151,22602,PUBLICIDAD Y PROPAGANDA URBANISMO,0,0,0,0
0,151,22603,PUBLICACIONES EN DIARIOS OFICIALES URBANISMO,40000,0,40000,33690.01
0,151,22604,JURIDICOS URBANISMO,10000,0,10000,2735.72
0,151,22606,"REUNIONES, CONFERENCIAS Y CURSOS URBANISMO",500,0,500,0
0,151,22611,ANUNCIOS EN PERIODICOS  URBANISMO,0,0,0,996.87
0,151,22699,OTROS GASTOS DIVERSOS,0,0,0,675.05
0,151,22706,ESTUDIOS Y TRABAJOS TECNICOS URBANISMO,453000,0,453000,0
0,151,23100,DE LOS MIEMBROS DE LOS ORGANOS DE GOBIERNO,0,0,0,10.35
0,151,23120,LOCOMOCION PERSONAL URBANISMO,0,0,0,0
0,151,750,A LA ADMON GENERAL DE LA CAM URBANISMO,0,0,0,0
0,151,770,A EMPRESAS PRIVADAS,0,0,0,0
0,151,790,CUOTA PARTIC.URBANIZ. URBANISMO,1500000,0,1500000,0
0,152,22713,ÓRDENES DE EJECUCIÓN SUBSIDIARIA,0,0,0,0
0,153,13000,R.B. L.F. ACCESO A LA VIVIENDA,83762.93,-17659.84,66103.09,61716.03
0,153,13001,HORAS EXTRAS L.F. ACCESO A LA VIVIENDA,527.04,0,527.04,111.58
0,153,13002,O.R. L.F. ACCESO A LA VIVIENDA,1450.95,0,1450.95,3576.8
0,153,131,R.L. T. ACCESO A LA VIVIENDA,0,0,0,0
0,153,15101,GRATIFICACIONES L.F. ACCESO A LA VIVIENDA,0,0,0,0
0,153,15301,DEDICACION LAB. ACCESO A LA VIVIENDA,2400,0,2400,0
0,153,202,ARRENDA.EDIF. OTR.CONSTRUCC.ACCESO A LA VIVIENDA,23000,0,23000,20045.75
0,153,213,MAQ.INST.UTILL. ACCESO A LA VIVIENDA,1500,0,1500,148.82
0,153,22105,PRODUCTOS ALIMENTICIOS ACCESO A LA VIVIENDA,200,0,200,0
0,153,224,PRIMAS DE SEGUROS ACCESO A LA VIVIENDA,30000,0,30000,26553.43
0,153,22602,PUBLIC. Y PROPAGANDA ACCESO A LA VIVIENDA,7000,0,7000,0
0,153,22603,PUBLICACION EN DIARIOS OFICIALES ACCESO A LA VIVIENDA,2000,0,2000,0
0,153,23120,LOCOMOCION PERSONAL ACCESO A LA VIVIENDA,0,0,0,0
0,153,44900,OTRAS SUBV A ENTES PUBLIC Y SOCIED MERCAT DE LA ENT LOCAL,0,120000,120000,120000
0,153,481,AYUDAS ACCESO VIVIENDA Y ALQUILERES VIVIENDA,120000,-120000,0,0
0,155,210,INFRAESTRUCTURAS Y BIENES NATURALES VIAS PUBLICAS,180000,0,180000,154736.35
0,155,22711,CONT. SERVICIO CONSERVACION PAVIMENTOS,873674.88,0,873674.88,1005439.98
0,161,210,INFRAESTRUC.BIENES NATUR.SANEAM.ABAST.Y DISTRIB.AGUAS,300000,0,300000,9750.76
0,161,22700,CONTRATO MANTENIMIENTO ALCANTARILLADO,573807.92,0,573807.92,583807.6
0,162,213,MAQ. INSTA Y UTI. RECOG. Y TRATA. DE RESIDUOS,0,0,0,0
0,162,214,ELEMENTOS DE TRANSPORTE RECOG. ELIM. TRATA. DE RESIDUOS,0,0,0,0
0,162,215,MOBILIARIO RECOG. ELIM. Y TRATA. RESIDUOS,0,0,0,0
0,162,22001,PRENSA LI. Y O. PUBLIC. RECOG. ELIM Y TRATA. RESIDUOS,0,0,0,0
0,162,22109,PRODUC. PISCINAS DEPORTES RECOG. ELI. TRATA RESIDUOS,0,0,0,0
0,162,22110,PRODUCTOS DE LIMPIEZA Y ASEO RECOG. ELIM. Y TRATA. RESIDUOS,0,0,0,0
0,162,22501,TRIBUTOS DE LAS COMUNIDADES AUTONOMAS,0,0,0,306515.57
0,162,22600,"CANONES RECOGIDA, ELIMINACION Y TRATAMIENTO RESIDUOS",400000,0,400000,0
0,162,22601,ATENC. PROTO Y REPRES. RECOG. ELIM. Y TRATA. RESIDUOS,0,0,0,0
0,162,22606,"REUNIONES, CONFERENCIAS Y CURSOS RECOG.ELIM. Y TRATA. RESIDU",0,0,0,0
0,162,22700,"CONTRATO SERVI.RECOGIDA, ELIMINACION Y TRATAMIENTO RESIDUOS",4040573.38,0,4040573.38,4117327.59
0,163,22700,CONTRATO SERVICIO LIMPIEZA VIARIA,4080530.81,0,4080530.81,4175979.06
0,164,13000,R.B. L.F. CEMENTERIOS,163115.6,-16654.88,146460.72,139631.1
0,164,13001,HORAS EXTRAS L.F. CEMENTERIO,12905.16,0,12905.16,10359.04
0,164,13002,O.R. L.F. CEMENTERIOS,25364.16,0,25364.16,31963.19
0,164,131,REMUN. L.T. CEMENTERIOS,12196.61,0,12196.61,9104.59
0,164,15101,GRATIFICACIONES L.F. CEMENTERIOS,0,0,0,0
0,164,15102,GRATIFICACIONES L.E. CEMENTERIOS,0,0,0,0
0,164,15301,DEDICACION LAB. CEMENTERIOS,3600,0,3600,2717
0,164,203,ARRENDA. MAQ. INST. Y UTI. CEMENTERIOS,1000,0,1000,0
0,164,212,EDIF. Y OTRAS CONSTRUCC. CEMENTERIOS,9000,0,9000,0
0,164,213,MAQ. INST. Y UTI. CEMENTERIOS,4000,0,4000,1342.11
0,164,215,MOBILIARIO CEMENTERIOS,1500,0,1500,0
0,164,22100,ENERGIA ELECTRICA CEMENTERIOS,18805.39,0,18805.39,29457.49
0,164,22101,AGUA CEMENTERIOS,1000,0,1000,1978.74
0,164,22106,PRODUCTOS FARMACEUTICOS CEMENTERIOS,100,0,100,0
0,164,22107,SUMIN. PRODUCTOS JARDINES CEMENTERIOS,600,0,600,0
0,164,22799,OTROS TRABAJOS REALIZADOS POR EMPRESAS,10000,0,10000,0
0,164,23120,LOCOMOCION PERSONAL CEMENTERIOS,0,0,0,0
0,165,210,INFRAESTRUCTURAS Y BIENES NATURALES ALUMBRADO PUBLICO,150000,0,150000,2719.22
0,165,22100,ENERGIA ELECTRICA ALUMBRADO PUBLICO,1181134.43,0,1181134.43,1722643.54
0,165,22712,CONT. MANT. ALUMBRADO PUBLICO,475294.83,0,475294.83,491030.99
0,171,203,ARRENDA. MAQ. INSTA Y UTI PARQUES Y JARDINES,0,0,0,0
0,171,210,INFRAESTRUCTURAS Y BIENES NATURALES PARQUES Y JARDINES,217200,0,217200,31324.9
0,171,213,MAQ. INSTA Y UTI. PARQUES Y JARDINES,0,0,0,0
0,171,215,MOBILIARIO PARQUES Y JARDINES,126000,0,126000,14978.95
0,171,22001,PRENSA LI. Y O. PUBLIC. PARQUES Y JARDINES,0,0,0,0
0,171,22106,PRODUC. FARMAC. PARQUES Y JARDINES,0,0,0,0
0,171,22107,SUMIN. PRODUCTOS JARDINES PARQUES Y JARDINES,294000,0,294000,0
0,171,22110,PRODUCTOS DE LIMPIEZA Y ASEO PARQUES Y JARDINES,0,0,0,0
0,171,22113,MANUTENCION DE ANIMALES PARQUES Y JARDINES,0,0,0,0
0,171,22706,ESTUD. Y TRABA. TEC. PARQUEES Y JARDINES,0,0,0,0
0,171,22710,SERVICIOS VARIOS ZONAS VERDES,4414626.55,0,4414626.55,4567523.74
0,171,622,EDIFICIOS Y OTRAS CONSTRUCCIONES,0,606863,606863,0
0,211,16006,MED-FAR.FUNCIONARIOS,0,0,0,0
0,211,16102,FONDO PARA PRESTAMOS ADQUISICION VIVIENDA,0,0,0,0
0,221,127,CONTRIB.PLANES Y FONDOS DE PENSIONES FUNCIONARIOS,85595.45,0,85595.45,5244.65
0,221,147,CONTRIBU. PLANES Y FONDOS PENSIONES LABORAL,19472.4,0,19472.4,15110.89
0,221,16000,SEGURIDAD SOCIAL,5583903.53,21231.71,5605135.24,5416738.61
0,221,16105,PENSIONES A CARGO DE LA ENTIDAD LOCAL,21270.34,0,21270.34,20323.24
0,221,16200,FORMA Y PERFEC.DEL PERSONAL OTRAS PRESTA ECON,92296.19,0,92296.19,18330
0,221,16204,ACCION SOCIAL OTRAS PRESTA ECO A FAVOR EMPLE,568504.37,0,568504.37,369879.71
0,221,16205,SEGUROS DE VIDA A FAVOR DE EMPLEADOS,57527.19,0,57527.19,59214.67
0,221,16206,APORTACIONES ASISTENCIA SANITARIA COMPLEMENTARIA,101046.96,0,101046.96,103082.15
0,221,16306,APORTACIONES SECCIONES SINDICALES (LABORALES),0,0,0,0
0,221,170,OTROS CONCEPTOS OTRAS PREST.ECON A FAVOR EMPLEADOS,184592.38,0,184592.38,0
0,221,225,TRIBUTOS,0,0,0,27780.87
0,221,489,AYUDAS A SECCION SINDICAL Y COMARCAL SINDICATOS,71400,0,71400,1200
0,231,12000,SUELDOS GRUPO A1 ACCION SOCIAL,1161.29,0,1161.29,0
0,231,12001,SUELDOS GRUPO A2 ACCION SOCIAL,13798.26,0,13798.26,10125.48
0,231,12004,SUELDOS GRUPO C2 ACCION SOCIAL,16821,0,16821,16757.16
0,231,12006,TRIENIOS FUNC. ACCION SOCIAL,3984.68,0,3984.68,3226.05
0,231,12100,COMPLEM. DESTINO ACCION SOCIAL,20815.84,0,20815.84,16918.34
0,231,12101,COMPLEM.ESPECIFICO ACCION SOCIAL,29038.27,0,29038.27,23041.75
0,231,12103,O. COMPLEM FUNC. ACCION SOCIAL,720,0,720,12494.68
0,231,122,RETRIB.ESPECIE ACCION SOCIAL,0,0,0,0
0,231,13000,R.B. L.F. ACCION SOCIAL,1025451.05,-22173.12,1003277.93,943340.75
0,231,13001,HORAS EXTRAS L.F. ACCION SOCIAL,0,0,0,0
0,231,13002,O.R. L.F. ACCION SOCIAL,15577.96,0,15577.96,16604.15
0,231,131,REMUN. L.T. ACCION SOCIAL,246.2,0,246.2,4759.77
0,231,15000,PRODUCT. FUNC. ACCION SOCIAL,12046.68,0,12046.68,9598.04
0,231,15100,GRATIFICACIONES F. ACCION SOCIAL,0,0,0,0
0,231,15101,GRATIFICACIONES L.F. ACCION SOCIAL,0,0,0,0
0,231,15102,GRATIFICACIONES L.E. ACCION SOCIAL,0,0,0,0
0,231,15300,DEDICACION FUNC. ACCION SOCIAL,0,0,0,0
0,231,15301,DEDICACION LAB. ACCION SOCIAL,18000,0,18000,10944
0,231,202,ARRENDA. EDIFICIOS ACCION SOCIAL,110120,0,110120,80930.13
0,231,203,ARRENDA. MAQ.INSTAS Y UTI ACCION SOCIAL,300,0,300,0
0,231,212,EDIF. Y O. CONSTRUCC. ACCION SOCIAL,9000,0,9000,1967.4
0,231,213,MAQ. INST. Y UTI. ACCION SOCIAL,1500,0,1500,4718.72
0,231,215,MOBILIARIO ACCION SOCIAL,2000,0,2000,5771.49
0,231,22001,"PRESA, REVISTAS, LIBROS Y OTRAS PUBLICACIONES ACCION SOCIAL",0,0,0,33.89
0,231,22003,MAT.TEC.ESPE.NO.INVENTARIABLE ACCION SOCIAL,3000,0,3000,928.68
0,231,22100,ENERGIA ELECTRICA ACCION SOCIAL,48602.29,0,48602.29,68316.82
0,231,22101,AGUA ACCION SOCIAL,9000,0,9000,18299.6
0,231,22102,GAS ACCION SOCIAL,1500,0,1500,2413.91
0,231,22106,PRODUCTOS FARMACEUTICOS ACCION SOCIAL,100,0,100,0
0,231,22201,POSTALES ACCION SOCIAL,0,0,0,0
0,231,223,TRANSPORTE ACCION SOCIAL,2500,0,2500,0
0,231,22601,ATENC.PROTO Y REPRE. ACCION SOCIAL,1000,0,1000,194.83
0,231,22602,PUBLIC. Y PROPAGANDA ACCION SOCIAL,1000,0,1000,0
0,231,22609,ACTIVIDADES CULTURALES Y DEPORTIVAS ACCION SOCIAL,0,0,0,0
0,231,22706,ESTUD. Y TRABA. TECN. ACCION SOCIAL,1501399.73,-97784.82,1403614.91,828538.35
0,231,23020,DEL PERSONAL NO DIRECTIVO,0,0,0,0
0,231,23120,LOCOMOCION DE PERSONAL ACCION SOCIAL,1000,0,1000,0
0,231,440,SUBVENCIONES PARA FOMENTO DEL EMPLEO,0,0,0,0
0,231,44000,SUBVENCIONES PARA FOMENTO DEL EMPLEO A SSMM,0,97784.82,97784.82,97784.82
0,231,480,ATENC.BENEF.Y ASIST.ACCION SOCIAL.,360000,0,360000,129009.43
0,231,489,OTRAS TRANSFERENCIAS ACCION SOCIAL,134000,-49000,85000,85000
0,231,62202,INV.NUEV.EDIFICIOS Y O.CONSTRUCCIONES,0,197053.79,197053.79,197053.62
0,231,632,EDIFICIOS Y OTRAS CONSTRUCCIONES,0,9334.19,9334.19,0
0,241,12000,SUELDOS DEL GRUPO A1 FOMENTO DEL EMPLEO,0,0,0,0
0,241,12001,SUELDO GRUPO AS FOMENTO DEL EMPLEO,0,0,0,0
0,241,12002,SUELDOS GRUPO B FOMENTO DEL EMPLEO,0,0,0,0
0,241,12003,SUELDOS GRUPO C1 FOMENTO DEL EMPLEO,10285.94,0,10285.94,9884.84
0,241,12004,SUELDOS GRUPO C2,0,0,0,0
0,241,12005,SUELDOS GRUPO E FOMENTO DEL EMPLEO,0,0,0,0
0,241,12006,TRIENIOS FUNC. FOMENTO DEL EMPLEO,3553.06,0,3553.06,3493.56
0,241,12100,COMPLEM DESTINO FOMENTO DEL EMPLEO,7513.24,0,7513.24,7137.76
0,241,12101,COMPLEM ESPECIFICO FOMENTO DEL EMPLEO,14731.5,0,14731.5,13994.96
0,241,12103,OTROS COMPLEM FUNC. FOMENTO DEL EMPLEO,0,0,0,0
0,241,13000,R.B. L.F. FOMENTO DEL EMPLEO,547649.55,-2452.98,545196.57,492688.71
0,241,13001,HORAS EXTRAS. FOMENTO DEL EMPLEO,1822.44,0,1822.44,0
0,241,13002,O.R. L.F. FOMENTO DEL EMPLEO,2120.52,0,2120.52,1899.25
0,241,131,LABORAL TEMPORAL,0,0,0,0
0,241,15000,PRODUCT. FUNC. FOMENTO DEL EMPLEO,9438.48,0,9438.48,8954.52
0,241,15101,GRATIFICACIONES L.F. FORMACION Y EMPLEO,0,0,0,0
0,241,15102,GRATIFICACIONES L.E. FORMACION Y EMPLEO,0,0,0,0
0,241,203,ARENDA. MAQ. INST. Y UTI FOMENTO DEL EMPLEO,0,0,0,0
0,241,205,ARRENDA. MOBILIARIO FOMENTO DEL EMPLEO,0,0,0,0
0,241,210,INFRAESTRUCTURAS Y BIENES NATURALES,0,0,0,0
0,241,212,EDIF. Y OTRAS CONSTRUCC. FOMENTO DEL EMPLEO,20000,0,20000,5000
0,241,213,MAQ. INST. Y UTI FOMENTO DEL EMPLEO,0,0,0,2843.34
0,241,215,MOBILIARIO,0,0,0,0
0,241,216,EQUIP. PROC. INFORMA. FOMENTO DEL EMPLEO,0,0,0,0
0,241,22001,PRENSA LI. Y O. PUBLI. FOMENTO DEL EMPLEO,500,0,500,0
0,241,22002,"MAT, INFORMA. N . INVEN. FOMENTO DEL EMPLEO",0,0,0,0
0,241,22003,MAT. TEC. ESPE. N. INVEN. FOMENTO DEL EMPLEO,0,0,0,0
0,241,22100,ENERGIA ELECTRICA FOMENTO DEL EMPLEO,35414.52,16216.52,51631.04,48961.65
0,241,22101,AGUA FOMENTO DEL EMPLEO,2000,0,2000,1593.4
0,241,223,TRANSPORTES FOMENTO DEL EMPLEO,0,0,0,0
0,241,225,TRIBUTOS,0,0,0,0
0,241,22601,ATENC. PROTO Y REPRE. FOMENTO DEL EMPLEO,0,0,0,0
0,241,22606,"REUNIONES, CONFERENCIAS Y CURSOS FOMENTO DEL EMPLEO",0,0,0,0
0,241,22699,OTROS GASTOS DIVERSOS,0,0,0,0
0,241,22706,ESTUD. Y TRABA. TECN. FOMENTO DEL EMPLEO,18000,0,18000,461.37
0,241,23020,DIETAS DEL PERSONAL FOMENTO DEL EMPLEO,0,0,0,0
0,241,23120,LOCOMOCION DEL PERSONAL FOMENTO DEL EMPLEO,0,0,0,0
0,241,481,PREM. BEC. OTRAS FOMENTO DEL EMPLEO,100,0,100,0
0,241,632,EDIFICIOS Y OTRAS CONSTRUCCIONES,0,64979.48,64979.48,0
0,320,12000,SUELDOS GRUPO A10 EDUCACION,0,0,0,0
0,320,12001,SUELDOS GRUPO A2 EDUCACION,0,0,0,0
0,320,12002,SUELDOS GRUPO B EDUCACION,0,0,0,0
0,320,12003,SUELDOS GRUPO C1 EDUCACION,0,0,0,0
0,320,12004,SUELDOS GRUPO C2  EDUCACION,0,0,0,0
0,320,12005,SUELDOS GRUPO E EDUCACION,15905.34,2193.88,18099.22,4387.76
0,320,12006,TRIENIOS FUNC. EDUCACION,2741.97,789.8,3531.77,1579.6
0,320,12100,COMPLEM. DESTINO EDUCACION,7253.48,950.48,8203.96,1900.96
0,320,12101,COMPLEM. ESPECIFICO EDUCACION,13713.81,1797,15510.81,3594
0,320,12103,OTROS COMPLEM. FUNC. EDUCACION,0,0,0,0
0,320,122,RETRIB. ESPECIE  EDUCACION,0,0,0,0
0,320,13000,R.B. L.F. EDUCACION,819081.52,41575.78,860657.3,800611.01
0,320,13001,HORAS EXTRAS L.F. EDUCACION,1551.12,0,1551.12,1802.34
0,320,13002,O.R.  L.F.  EDUCACION,5668.44,0,5668.44,25993.2
0,320,131,REMUN. L.T. EDUCACION,22136.6,-4224.68,17911.92,23465.02
0,320,15000,PRODUCT. FUNC.  EDUCACION,4593.12,545.43,5138.55,1272.67
0,320,15100,GRATIFICACIONES F. EDUCACION,0,0,0,0
0,320,15101,GRATIFICACIONES L.F. EDUCACION,0,0,0,0
0,320,15102,GRATIFICACIONES LABORAL EVENTUAL,0,0,0,0
0,320,15300,DEDICACION FUNC. EDUCACION,0,0,0,0
0,320,15301,DEDICACION LAB. EDUCACION,3600,0,3600,2821.5
0,320,202,ARRENDA. EDIF. Y OTRAS CONSTRUC. EDUCACION,16000,0,16000,0
0,320,203,ARRENDAMIENTOS DE MAQUINARIA INSTALACIONES Y UTILLAJE,0,0,0,0
0,320,205,ARRENDAMIENTOS DE MOBILIARIO Y ENSERES,0,0,0,0
0,320,212,EDIF. Y O. CONSTRUCC. EDUCACION,358646.91,0,358646.91,53035.11
0,320,213,MAQ. INST. Y UTI. EDUCACION,10000,0,10000,1947.33
0,320,215,MOBILIARIO EDUCACION,4000,0,4000,981.87
0,320,22001,PRENSA LI. O. PUBLI. EDUCACION,300,0,300,0
0,320,22003,MAT.TEC.ESPE.NO.INVENTARIABLE EDUCACION,6000,0,6000,900.14
0,320,22100,ENERGIA ELECTRICA EDUCACION,237808.16,0,237808.16,237302.71
0,320,22101,AGUA EDUCACION,30000,0,30000,46486.66
0,320,22102,GAS EDUCACION,180000,0,180000,138322.43
0,320,22103,COMBUSTIBLE Y CARBURANTES EDUCACION,30000,0,30000,9504.04
0,320,22104,VESTUARIO EDUCACION,2500,0,2500,0
0,320,22105,PRODUCTOS  ALIMENTICIOS EDUCACION,300,0,300,0
0,320,223,TRANSPORTE EDUCACION,30000,0,30000,6447.6
0,320,22601,ATENC. PROTO Y REPRE. EDUCACION,1000,0,1000,249.5
0,320,22602,PUBLIC. Y PROPAGANDA EDUCACION,15000,0,15000,0
0,320,22606,REUNIO.CONFE. Y CURSOS EDUCACION,8000,0,8000,1960.32
0,320,23120,LOCOMOCION PERSONAL EDUCACION,0,0,0,0
0,320,481,PREMIOS BECAS Y OTRAS EDUCACION.,128000,0,128000,63439.7
0,320,489,OTRAS TRANSFERENCIAS EDUCACION,432000,-238312.48,193687.52,48911.98
0,321,22703,PROG.APERTU.COLEGIOS VACA.,180000,0,180000,140355.79
0,321,22707,ESCUELAS Y AULAS INFANTILES,1309500,0,1309500,966093.08
0,323,22706,EST. Y TRABA. TECN. (ESCUELA DE MUSICA Y OTROS),420000,0,420000,439110
0,330,12000,SUELDOS GRUPO A1 CULTURA,1161.29,0,1161.29,0
0,330,12001,SUELDOS GRUPO A2 CULTURA,0,0,0,0
0,330,12002,SUELDOS GRUPO B CULTURA,0,0,0,0
0,330,12003,SUELDOS GRUPO C1 CULTURA,0,0,0,0
0,330,12004,SUELDOS GRUPO C2 CULTURA,8410.5,0,8410.5,7750.19
0,330,12005,SUELDOS GRUPO E CULTURA,0,0,0,0
0,330,12006,TRIENIOS FUNC. CULTURA,0,0,0,310.41
0,330,12100,COMPLEM. DESTINO CULTURA,5701.44,0,5701.44,4240.34
0,330,12101,COMPLEM. ESPECIFICO CULTURA,8526.87,0,8526.87,5817.79
0,330,12103,OTROS COMPLEM. FUNC. CULTURA,0,0,0,0
0,330,122,RETRIB. ESPECIE CULTURA,0,0,0,0
0,330,13000,R.B. L.F CULTURA,891343.18,-62272.55,829070.63,621486.04
0,330,13001,HORAS EXTRAS L.F. CULTURA,4031.28,0,4031.28,1323.35
0,330,13002,O.R. L.F. CULTURA,22237.12,0,22237.12,26884.8
0,330,131,REMUN. L.T. CULTURA,0,0,0,128615.61
0,330,15000,PRODUCT. FUNC. CULTURA,2018.76,0,2018.76,1774.11
0,330,15100,GRATIFICACIONES F. CULTURA,0,0,0,0
0,330,15101,GRATIFICACIONES L.F. CULTURA,0,0,0,0
0,330,15300,DEDICACION FUNC. CULTURA,0,0,0,0
0,330,15301,DEDICACION LAB. CULTURA,0,0,0,0
0,330,203,ARRENDA. MAQ. INST. Y UTI. CULTURA,7500,0,7500,1387.08
0,330,212,EDIF. Y O. CONSTRUCC. CULTURA,6000,0,6000,0
0,330,213,MAQ. INST. Y UTI. CULTURA,6000,0,6000,4434.47
0,330,215,MOBILIARIO ADMON. GRAL DE LA CULTURA,0,0,0,403.3
0,330,22000,MAT. OFICINA CULTURA,200,0,200,0
0,330,22001,PRENSA LI. O. PUBLI. CULTURA,25000,0,25000,14116.62
0,330,22003,MAT.TEC.ESPE.NO INVENTARIABLE CULTURA,3000,0,3000,1059.01
0,330,22100,ENERGIA ELECTRICA CULTURA,70818.5,0,70818.5,44496.27
0,330,22101,AGUA CULTURA,3000,0,3000,3789.11
0,330,223,TRANSPORTE  CULTURA,1000,0,1000,273.22
0,330,22600,CANONES CULTURA,6000,0,6000,1780.44
0,330,22601,ATENC. PROTO. Y REPRE. CULTURA,1000,0,1000,986.73
0,330,22602,PUBLIC. Y PROPAGANDA CULTURA,5000,0,5000,1099.67
0,330,22606,REUNIO. CONFE. Y CURSOS CULTURA,3000,0,3000,24.2
0,330,23120,LOCOMOCION PERSONAL CULTURA,0,0,0,93.2
0,331,13000,R.B. L.F. HOGAR DE LOS MAYORES,276603.41,-37681.1,238922.31,203456.43
0,331,13001,HORAS EXTRAS L.F. HOGAR DE LOS MAYORES,6181.08,0,6181.08,221.69
0,331,13002,O.R. L.F. HOGAR DE LOS MAYORES,11618.16,0,11618.16,9726.71
0,331,15101,GRATIFICACIONES L.F. HOGAR DE LOS MAYORES,0,0,0,0
0,331,15301,DEDICACION LAB. HOGAR DE LOS MAYORES,3606.12,0,3606.12,3425.76
0,331,203,ARRENDA. MAQ.INST.Y UTI HOGAR DE LOS MAYORES,300,0,300,0
0,331,212,EDIF. Y O. CONSTRUCC. HOGAR DE LOS MAYORES,3000,0,3000,836.28
0,331,213,MAQ.INST. Y UTI. HOGAR DE LOS MAYORES,2000,0,2000,2179.93
0,331,215,MOBILIARIO HOGAR DE LOS MAYORES,1000,0,1000,399.15
0,331,22001,"PRESA, REVISTAS, LIBROS Y OTRAS PUBLICACIONES",0,0,0,2446.4
0,331,22003,MAT.TEC.ESPEC.NO INVENTARIA.HOGAR DE LOS MAYORES,4000,0,4000,461.97
0,331,22100,ENERGIA ELECTRICA HOGAR DE LOS MAYORES,50747.94,0,50747.94,74558.14
0,331,22101,AGUA HOGAR DE LOS MAYORES,2000,0,2000,3999.52
0,331,22102,GAS HOGAR DE LOS MAYORES,1500,0,1500,3061.72
0,331,22106,PRODUCTOS FARMACEUTICOS HOGAR DE LOS MAYORES,300,0,300,111.24
0,331,223,TRANSPORTE HOGAR DE LOS MAYORES,15000,0,15000,7976.4
0,331,22601,ATENC. PROTO. Y REPRE. HOGAR DE LOS MAYORES,130000,0,130000,5408
0,331,22602,PUBLIC. Y PROPAGANDA HOGAR DE LOS MAYORES,2500,0,2500,686.76
0,331,22606,REUNIO.CONFE. Y CURSOS HOGAR DE LOS MAYORES,1000,0,1000,187.68
0,331,22609,FESTEJOS Y OTROS EVENTOS HOGAR DE LOS MAYORES,15000,0,15000,2629.39
0,331,22706,ESTUD. Y TRABA TECN. HOGAR DE LOS MAYORES,43000,0,43000,29441.74
0,331,23100,LOCOMOCION ORGANOS DE GOBIERNO HOGAR DE LOS MAYORES,0,0,0,91
0,331,23120,LOCOMOCION PERSONAL HOGAR DE LOS MAYORES,0,0,0,0
0,331,466,A OTRAS ENTIDADES QUE AGRUPEN MUNICIPIOS,0,2000,2000,0
0,331,481,"PREMIOS, BECAS Y PENS.ESTUD.HOGAR DE LOS MAYORES",9500,-2000,7500,2326.04
0,331,489,OTRAS TRANSFERENCIAS HOGAR DE LOS MAYORES,3000,0,3000,0
0,334,223,TRANSPORTES,0,0,0,378
0,334,22609,FESTEJOS Y OTROS EVENTOS PROMOCION CULTURAL,150000,0,150000,51889.67
0,334,22706,ESTUD. Y TRABA. TECN. PROMOCION CULTURAL,100000,0,100000,49749.7
0,334,481,PREMIOS BECAS Y OTRAS PROMOCION CULTURAL,11000,0,11000,0
0,334,489,OTRAS TRANSFERENCIAS PROMOCION CULTURAL,4000,0,4000,0
0,336,13000,R.B. L.F. PATRIMONIO HISTORICO,23547.34,0,23547.34,9888.74
0,336,13001,HORAS EXTRAS PATRIMONIO HISTORICO,0,0,0,0
0,336,13002,O.R. L.F. PATRIMONIO HISTORICO,0,0,0,0
0,336,131,REMUN. L.T. PATRIMO HISTORICO,0,0,0,0
0,336,15101,GRATIFICACIONES L.F. PATRIMONIO HISTORICO,0,0,0,0
0,336,15301,DEDICACION LAB. PATRIMONIO HISTORICO,0,0,0,0
0,336,203,ARRENDA. MAQ. INST. Y UTI PATRIMONIO HISTORICO,300,0,300,0
0,336,212,EDIF. Y O. CONSTRUCC. PATRIMONIO HISTORICO,1000,0,1000,0
0,336,22001,PRENSA LI. O. PUBLI. PATRIMONIO HISTORICO,250,0,250,0
0,336,22003,MAT.TEC.ESPEC.NO.INVENTARIABLE PATRIMONIO HISTORICO,800,0,800,0
0,336,22602,PUBLIC. Y PROPAGANDA PATRIMONIO HISTORICO,500,0,500,0
0,336,22606,REUNIO. CONFE. Y CURSOS PATRIMONIO HISTORICO,500,0,500,0
0,336,22609,FESTEJOS Y OTROS EVENTOS PATRIMONIO HISTORICO,10000,0,10000,0
0,336,22706,ESTUD. Y TRABA. TECN. PATRIMONIO HISTORICO,10000,0,10000,0
0,336,23120,LOCOMOCION PERSONAL  PATRIMONIO HISTORICO,0,0,0,0
0,336,481,PREMIOS BECAS Y OTRAS PATRIMONIO HISTORICO,4000,0,4000,0
0,336,48900,TRANSFERENCIAS A FAMILIAS E INSTITUCIONES SIN FINES DE LUCRO,0,0,0,0
0,339,12000,SUELDO GRUPO A1 JUVENTUD,0,0,0,0
0,339,12001,SUELGOS GRUPO A2 JUVENTUD,0,0,0,0
0,339,12002,SUELDOS GRUPO B JUVENTUD,0,0,0,0
0,339,12003,SUELDOS GRUPO C1 JUVENTUD,0,0,0,0
0,339,12004,SUELDOS GRUPO C2 JUVENTUD,0,0,0,0
0,339,12005,SUELDOS GRUPO E JUVENTUD,0,0,0,0
0,339,12006,TRIENIOS FUNC. JUVENTUD,0,0,0,0
0,339,12100,COPLEM. DESTINO JUVENTUD,0,0,0,0
0,339,12101,COMPLEM. ESPECIFICO JUVENTUD,0,0,0,0
0,339,12103,OTROS COMPLEM. FUNC. JUVENTUD,0,0,0,0
0,339,122,RETRIB. EN ESPECIE JUVENTUD,0,0,0,0
0,339,13000,R.B. L.F. JUVENTUD,236711.86,-33924.6,202787.26,149853.7
0,339,13001,HORAS EXTRAS L.F. JUVENTUD,0,0,0,0
0,339,13002,O.R. L.F. JUVENTUD,6983.19,0,6983.19,3679.76
0,339,131,R.L. T. JUVENTUD,23195.87,0,23195.87,68881.74
0,339,15000,PRODUCT. FUNC. JUVENTUD,0,0,0,0
0,339,15100,GRATIFICACIONES F. JUVENTUD,0,0,0,0
0,339,15101,GRATIFICACIONES L.F. JUVENTUD,0,0,0,0
0,339,15300,DEDICACION FUNC. JUVENTUD,0,0,0,0
0,339,15301,DEDICACION LAB. JUVENTUD,3000,0,3000,2850
0,339,203,ARRENDA.MAQ. INSTA. Y UTI. JUVENTUD,700,0,700,0
0,339,212,EDIF. Y OTRAS CONSTRUC. JUVENTUD,3000,0,3000,0
0,339,213,MAQ. INST. Y  UTI. JUVENTUD,2000,0,2000,2003.66
0,339,22000,MATERIAL DE OFICINA JUVENTUD,0,0,0,11.6
0,339,22001,PRENSA  LI. Y OTRAS PUBLIC. JUVENTUD,700,0,700,24.99
0,339,22002,MATERIAL INFORMATICO NO INVENTARIABLE JUVENTUD,300,0,300,0
0,339,22003,MATE.TECNIC.ESPEC.NO INVENTARIABLE JUVENTUD,500,0,500,1676.3
0,339,22100,ENERGIA ELECTRICA JUVENTUD,17756.4,0,17756.4,20136.87
0,339,22101,AGUA JUVENTUD,100,0,100,0
0,339,22105,PRODUCTOS ALIMENTICIOS JUVENTUD,800,0,800,768.89
0,339,22106,PRODUCTOS FARMACEUTICOS JUVENTUD,50,0,50,5.79
0,339,22201,POSTALES,0,0,0,9.58
0,339,223,TRANSPORTE JUVENTUD,2000,0,2000,453.6
0,339,224,PRIMAS DE SEGUROS JUVENTUD,3000,0,3000,2791.25
0,339,22601,ATEN. PROTO. Y REPRE. JUVENTUD,500,0,500,0
0,339,22602,PUBLIC. Y PROPAGANDA JUVENTUD,14000,0,14000,0
0,339,22609,FESTEJOS Y OTROS EVENTOS JUVENTUD,2000,0,2000,171.22
0,339,22706,ESTUD. Y TRABAJOS TÉCN. JUVENTUD,130000,0,130000,30407.05
0,339,23120,LOCOMOCIÓN PERSONAL JUVENTUD,200,0,200,24.5
0,339,481,PREM.BEC.PENS.EST.JUVENTUD,3000,0,3000,340
0,339,489,OTRAS TRANSFERENCIAS JUVENTUD,3000,0,3000,0
0,341,12000,SUELDOS GRUPO A1 PROMOCION Y FOMENTO DEL DEPORTE,0,6229.61,6229.61,6229.61
0,341,12001,SUELDOS GRUPO A2 PROMOCION Y FOMENTO DEL DEPORTE,0,0,0,0
0,341,12002,SUELDOS GRUPOB PROMOCION Y FOMENTO DEL DEPORTE,0,0,0,0
0,341,12003,SUELDOS GRUPO C1 PROMOCION Y FOMENTO DEL DEPORTE,10285.94,0,10285.94,9884.84
0,341,12004,SUELDOS GRUPO C2 PROMOCION Y FOMENTO DEL DEPORTE,0,0,0,0
0,341,12005,SUELDOS GRUPO E PROMOCION Y FOMONTO DEL DEPORTE,0,0,0,0
0,341,12006,TRIENIOS FUNC. PROMOCION Y FOMENTO DEL DEPORTE,3889.48,0,3889.48,3973.14
0,341,12100,COMPLEM. DESTINO PROMOCION Y FOMENTO DEL DEPORTE,7513.24,4994.4,12507.64,12132.16
0,341,12101,COMPLEM. ESPECIFICO PROMOCION Y FOMENTO DEL DEPORTE,14731.5,4971.18,19702.68,18966.14
0,341,12103,OTROS COMPLEM.FUNC. PROMOCION Y FOMENTO DEL DEPORTE,3606.12,0,3606.12,3425.76
0,341,122,RETRIB. ESPECIE PROMOCION Y FOMENTO DEL DEPORTE,0,0,0,0
0,341,13000,R.B. L.F. PROMOCION Y FOMENTO DEL DEPORTE,834192.06,-14279.2,819912.86,712710.08
0,341,13001,HORAS EXTRAS PROMOCION Y FOMENTO DEL DEPORTE,761.64,0,761.64,0
0,341,13002,O.R. L.F. PROMOCION Y FOMENTO DEL DEPORTE,30376.79,0,30376.79,25504.58
0,341,131,LABORAL TEMPORAL,0,0,0,7078.03
0,341,15000,PRODUCT. FUNC. PROMOCION Y FOMENTO DEL DEPORTE,5213.88,1464.65,6678.53,6417.77
0,341,15100,GRATIFICACIONES F. PROMOCION Y FOMENTO DEL DEPORTE,0,0,0,0
0,341,15101,GRATIFICACIONES L.F. PROMOCION Y FOMENTO DEL DEPORTE,0,0,0,0
0,341,15300,DEDICACION FUNC. PROMOCION Y FOMENTO DEL DEPORTE,0,0,0,0
0,341,15301,DEDICACION LAB. PROMOCION Y FOMENTO DEL DEPORTE,0,0,0,0
0,341,212,EDIFICIOS Y OTRAS CONSTRUCCIONES,0,0,0,0
0,341,213,"MAQUINARIA, INSTALACIONES Y UTILLAJE",0,0,0,733.13
0,341,22003,MAT. TECN. ESPE N. INVEN. PROM. Y FOMENTO DEPORTE,0,0,0,0
0,341,223,TRANSPORTE PROMOCION Y FOMENTO DEL DEPORTE,15000,0,15000,486
0,341,224,PRIMAS DE SEGUROS,0,0,0,0
0,341,22601,ATENC. PROTO. Y REPRE. PROMOCION Y FOMENTO DEL DEPORTE,1000,0,1000,0
0,341,22602,PUBLIC. Y PROPAGANDA PROMOCION Y FOMENTO DEL DEPORTE,500,0,500,0
0,341,22609,FESTEJOS Y O. EVENTOS PROMOCION Y FOMENTO DEL DEPORTE,3000,0,3000,290
0,341,22706,ESTUD. Y TRABA. TECN. PROMOCION Y FOMENTO DEL DEPORTE,40000,23982.64,63982.64,38982.63
0,341,23120,LOCOMOCION PERSONAL PROMOCION Y FOMENTO DEL DEPORTE,0,0,0,0
0,341,470,A EMPRESAS PRIVADAS PROMOCION Y FOMENTO DEL DEPORTE,120000,142040.42,262040.42,262040.42
0,341,481,PREMIOS BECAS ESTU. PROMOCION Y FOMENTO DEL DEPORTE,21000,0,21000,0
0,341,489,OTRAS TRANSFERENCIAS PROMOCION Y FOMENTO DEL DEPORTE,200000,-34710.58,165289.42,0
0,342,212,EDIFICIOS Y OTRAS CONSTRUCCIONES,0,0,0,997.1
0,342,213,MAQ. INST. Y UTI. INSTALACIONES DEPORTIVAS,6000,0,6000,1635.01
0,342,22003,MAT.TEC.ESPE.NO INVENTARIABLE INSTALACIONES DEPORTIVAS,15000,0,15000,7269.36
0,342,22100,ENERGIA ELECTRICA INSTALACIONES DEPORTIVAS,223237.43,0,223237.43,180007.28
0,342,22101,AGUA INSTALACIONES DEPORTIVAS,120000,0,120000,207657.86
0,342,22102,GAS INSTALACIONES DEPORTIVAS,130000,0,130000,131356.89
0,342,22106,PRODUC. FARMAC. Y MAT. SANI. INSTALACIONES DEPORTIVAS,0,0,0,0
0,342,22109,PRODUC. PISCINAS INSTALACIONES DEPORTIVAS,0,0,0,0
0,342,22700,LIMPIEZA Y ASEO INSTALACIONES DEPORTIVAS,3660960,0,3660960,3191857.56
0,342,62200,EDIFICIOS Y OTRAS CONSTRUCCIONES,0,238768.67,238768.67,0
0,431,12000,SUELDOS GRUPO A1 GEST.EMPRESARIAL Y COMERCIO,0,0,0,0
0,431,12001,SUELDOS GRUPO A2 GEST.EMPRESARIAL Y COMERCIO,0,0,0,0
0,431,12002,SUELDOS GRUPO B GEST.EMPRESARIAL Y COMERCIO,0,0,0,0
0,431,12003,SUELDOS GRUPO C1 GEST.EMPRESARIAL Y COMERCIO,0,0,0,0
0,431,12004,SUELDOS GRUPO C2 GEST.EMPRESARIAL Y COMERCIO,0,0,0,0
0,431,12005,SUELDOS GRUPO E GEST.EMPRESARIAL Y COMERCIO,0,0,0,0
0,431,12006,TRIENIOS FUNC. GEST.EMPRESARIAL Y COMERCIO,0,0,0,0
0,431,12100,COMPLEM. DESTINO GEST.EMPRESARIAL Y COMERCIO,0,0,0,0
0,431,12101,COMPLEM. ESPECIFICO GEST.EMPRESARIAL Y COMERCIO,0,0,0,0
0,431,12103,OTROS COMPLEM. FUNC. GEST.EMPRESARIAL Y COMERCIO,0,0,0,0
0,431,122,RETRIB.ESPECIE GEST.EMPRESARIAL Y COMERCIO,0,0,0,0
0,431,13000,R.B. L.F. GEST.EMPRESARIAL Y COMERCIO,0,0,0,0
0,431,13001,HORAS EXTRAS GEST.EMPRESARIAL Y COMERCIO,0,0,0,0
0,431,13002,O.R. L.F. GEST.EMPRESARIAL Y COMERCIO,0,0,0,0
0,431,131,R.L. T. GEST.EMPRESARIAL Y COMERCIO,0,0,0,0
0,431,13101,O.R.L.E.  GEST. EMPRE. Y COMER.,0,0,0,0
0,431,15000,PRODUCT. FUNC. GEST.EMPRESARIAL Y COMERCIO,0,0,0,0
0,431,15100,GRATIFICACIONES FUNC. GEST.EMPRESARIAL Y COMERCIO,0,0,0,0
0,431,15101,GRATIFICACIONES L.F. GEST. ESPRES.Y COMER.,0,0,0,0
0,431,15300,DEDICACION FUNC. GEST.EMPRESARIAL Y COMERCIO,0,0,0,0
0,431,15301,DEDICACION LAB. GEST.EMPRESARIAL Y COMERCIO,0,0,0,0
0,431,22601,ATENCIONES PROTOCOLARIAS Y PRESENTATIVAS,0,0,0,393.59
0,431,22602,PUBLIC. Y PROPAGANDA GESTION  EMPRESARIAL Y COMERCIO,1500,0,1500,0
0,431,22706,ESTUD. Y TRAB. TÉCN. GEST.EMPRESARIAL Y COMERCIO,35000,0,35000,17316
0,431,23120,LOCOMOCION PERSONAL GEST.EMPRESARIAL Y COMERCIO,0,0,0,0
0,431,481,PREMIOS BECAS Y OTRAS GEST.EMPRESARIAL Y COMERCIO,2100,0,2100,0
0,431,489,OTRAS TRANSFERENCIAS GEST.EMPRESARIAL Y COMERCIO,15000,0,15000,0
0,432,22602,PUBLIC. Y PROPAGANDA TURISMO,1000,0,1000,0
0,432,22609,FESTEJOS Y OTROS EVENTOS TURISMO,6500,0,6500,500
0,432,22706,ESTUD. Y TRABAJ. TÉCNIC. TURISMO,35000,0,35000,0
0,440,13000,R.B. L.F. MOVILIDAD URBANA,185282.1,0,185282.1,160907.14
0,440,13001,HORAS EXTRAS L.F. MOVILIDAD URBANA,20113.8,0,20113.8,8519.04
0,440,13002,O.R. L.F. MOVILIDAD URBANA,6990.36,0,6990.36,13608.57
0,440,131,R.L.T. MOVILIDAD URBANA,0,0,0,28147.27
0,440,15101,GRATIFICACIONES L.F. MOVILIDAD URBANA,0,0,0,0
0,440,15301,DEDICACION LAB. MOVILIDAD URBANA,0,0,0,0
0,440,203,ARRENDA. MAQ. INSTA. Y UTI. MOVILIDAD URBANA,0,0,0,0
0,440,210,INFRAES. Y BIENES NATURALES MOVILIDAD URBANA,0,0,0,0
0,440,213,MAQ. INST. UTILL. MOVILIDAD URBANA,2000,0,2000,0
0,440,22001,PRENSA LOI. Y O. PUBLIC. MOVILIDAD URBANA,0,0,0,0
0,440,22601,ATENC. PROTO. Y REPRE. MOVILIDAD URBANA,1000,0,1000,0
0,440,22602,PUBLICIDAD Y PROPAGANDA MOVILIDAD URBANA,0,0,0,0
0,440,22606,"REUNIONES, CONFERENCIAS Y CURSOS MOVILIDAD URBANA",2500,0,2500,0
0,440,22706,ESTUD. Y TRABA. TECN. MOVILIDAD URBANA,62000,28560,90560,47600
0,440,23120,LOCOMOCION PERSONAL MOVILIDAD URBANA,0,0,0,0
0,441,451,A. ORGANIS.AUTONOMO ADTVOS. MOVILIDAD URBANA,1300000,0,1300000,1254981.87
0,491,13000,R.B. L.F. INNOVACION TECNOLOGICA,147263.88,0,147263.88,129732.85
0,491,13001,HORAS EXTRAS L.F. INNOVACION TECNOLOGICA,355.44,0,355.44,0
0,491,13002,O.R. L.F. INNOVACION TECNOLOGICA,98.64,0,98.64,150
0,491,131,R.L. T. INNOVACION TECNOLOGICA,0,0,0,0
0,491,15101,GRATIFICACIONES L.F. INNOVACION TECNOLOGICA,0,0,0,0
0,491,15102,GRATIFICACIONES L.E. INNOVACION TECNOLOGICA,0,0,0,0
0,491,15301,DEDICACION LAB.INNOVACION TECNOLOGICA,0,0,0,0
0,491,22601,ATENC. PROTO. Y REPRE. INNOVACION TECNOLOGICA,1000,0,1000,0
0,491,22602,PUBLIC. Y PROPAGANDA  INNOVACION TECNOLOGICA,24083.36,0,24083.36,0
0,491,22706,ESTUD. Y TRABA. TECN. INNOVACION TECNOLOGICA,220506.02,298460.71,518966.73,139425.49
0,491,23120,LOCOMOCION PERSONAL INNOVACION TECNOLOGICA,0,0,0,0
0,491,410,ORG.AUTO.CENTRO DE EMPRESAS INNOVACION TECNOLOGICA,170000,0,170000,40000
0,491,462,A AYUNTAMIENTOS,0,0,0,0
0,491,626,EQUIPOS PARA PROCESOS DE INFORMACION,0,41136.79,41136.79,10014.66
0,493,13000,R.B. L.F. CONSUMO,105301.57,0,105301.57,98271.79
0,493,13001,HORAS EXTRAS L.F. CONSUMO,34.48,0,34.48,0
0,493,13002,O.R. L.F. CONSUMO,0,0,0,0
0,493,131,R.L. T. CONSUMO,0,0,0,0
0,493,15101,GRATIFICACIONES L.F. CONSUMO,0,0,0,0
0,493,15301,DEDICACION LAB. CONSUMO,0,0,0,0
0,493,213,MAQ. INST. Y UTILLAJE CONSUMO,500,0,500,0
0,493,22003,MAT. TEC. ESPECIAL NO INVENT. CONSUMO,1000,0,1000,0
0,493,22601,ATENCIONES PROTOCOLARIAS Y PRESENTATIVAS CONSUMO,0,0,0,0
0,493,22605,TOMA MUESTRAS PROD. ALIMENT. CONSUMO,1000,0,1000,0
0,493,22706,ESTUD. Y TRABA.TÉCN. CONSUMO,17000,0,17000,0
0,493,23120,LOCOMOCION PERSONAL CONSUMO,0,0,0,0
0,920,80000,AL ESTADO,0,0,0,0
0,926,22001,PRESNSA Y O. PUBLI. GABINETE D PRENSA,0,0,0,0
0,927,214,ELEMENTOS DE TRANSPORTE PARQUE MOVIL,79000,0,79000,52117.22
0,927,22600,CANONNES PARQUE MOVIL,0,0,0,0
0,931,12000,SUELDOS GRUPO A1 ADMON FINANCIERA,83612.88,0,83612.88,82148.87
0,931,12001,SUELDOS GRUPO A2 ADMON FINANCIERA,13798.26,0,13798.26,12952.51
0,931,12002,SUELDOS GRUPO B ADMON FINANCIERA,0,0,0,0
0,931,12003,SUELDOS GRUPO C1 ADMON FINANCIERA,20571.88,0,20571.88,38688.18
0,931,12004,SUELDOS GRUPO C2 ADMON FINANCIERA,16821,0,16821,8378.58
0,931,12005,SUELDOS GRUPO E ADMON FINANCIERA,0,0,0,0
0,931,12006,TRIENIOS FUNC.ADMON FINANCIERA,26181.83,0,26181.83,22449.97
0,931,12100,COMPLEM. DESTINO ADMON FINANCIERA,104080.36,0,104080.36,110981.13
0,931,12101,COMPLEM. ESPECIFICO ADMON FINANCIERO,161719.4,0,161719.4,163129.98
0,931,12103,OTROS COMPLEM. FUNC. ADMON FINANCIERA,517.92,0,517.92,7301.18
0,931,122,RETRIB.ESPECIE ADMON FINANCIERA,0,0,0,0
0,931,13000,R.B. L.F. ADMON FINANCIERA,675225.73,-22406.48,652819.25,560317.45
0,931,13001,HORAS EXTRAS L.F. ADMON FINANCIERA,849.48,0,849.48,121.58
0,931,13002,O.R. L.F. ADMON FINANCIERA,2856.48,0,2856.48,5911.32
0,931,131,R.L. T. ADMON FINANCIERA,0,0,0,27203.1
0,931,15000,PRODUCT. FUNC. ADMON FINANCIERA,79605.6,0,79605.6,74309.69
0,931,15100,GRATIFICACIONES FUNC. ADMON FINANCIERA,0,0,0,0
0,931,15101,GRATIFICACIONES L.F. ADMON FINANCIERA,1963.8,0,1963.8,0
0,931,15300,DEDICACION FUNC. ADMON FINANCIERA,0,0,0,0
0,931,15301,DEDICACION LAB. ADMON FINANCIERA,1800,0,1800,2310
0,931,212,EDIF. Y O. CONSTRUCC. ADMON. FINANCIERA,11000,0,11000,10012.1
0,931,213,MAQ. INST. Y UTI. ADMON. FINANCIERA,4500,0,4500,2983.23
0,931,215,MOBILIARIO ADMON. FINANCIERA,1500,0,1500,0
0,931,22000,MATERIAL DE OFICINA ADMON. FINANCIERA,0,0,0,50
0,931,22001,PRENSA LI. Y O. PUBLI. ADMON. FINANCIERA,7500,0,7500,2172.5
0,931,22002,MAT. INFOR.NO INVENT.ADMON.FINANCIERA,69600,0,69600,0
0,931,22003,MAT.TEC.ESPE.NO INVENTARIABLE ADMON FINANCIERA,300,0,300,4
0,931,22100,ENERGIA ELECTRICA ADMON. FINANCIERA,100142.06,0,100142.06,122186.41
0,931,22105,PRODUCTOS ALIMENTICIOS ADMON. FINANCIERA,200,0,200,5.59
0,931,22199,OTROS SUMINISTROS,0,0,0,5203.8
0,931,22201,POSTALES ADMON. FINANCIERA,130000,0,130000,138139.47
0,931,22500,TRIBUTOS ESTATALES,0,0,0,903.72
0,931,22601,ATENC. PROTO Y REPRE. ADMON. FINANCIERA,1000,0,1000,827
0,931,22603,PUBLICACION EN DIARIOS OFICIALES ADMON. FINANCIERA,153000,0,153000,55243.07
0,931,22604,"JURIDICOS, CONTENCIOSOS ADMON. FINANCIERA",0,0,0,7655.2
0,931,22608,GASTOS DIVERSOS,0,0,0,506.92
0,931,22611,ANUNCIOS EN PERIODICOS ADMON FINANCIERA,1500,0,1500,188.8
0,931,22702,VALORACIONES Y PERITAJES ADMON. FINANCIERA,1000,0,1000,0
0,931,22706,ESTUD. Y TRABA. TECN. ADMON. FINANCIERA,100000,0,100000,64053.4
0,931,22708,SERVICIOS DE RECAUDADION ADMON. FINANCIERA,600000,-380000,220000,80912.31
0,931,23100,DE LOS MIEMBROS DE LOS ORGANOS DE GOBIERNO,0,0,0,7.89
0,931,23120,LOCOMOCION PERONAL ADMON FINANCIERA,0,0,0,17.35
0,931,233,OTRAS INDEMNIZACIONES ADMON. FINANCIERA,0,0,0,41
0,931,352,INTERESES DE DEMORA ADMON. FINANCIERA,470260.65,510500,980760.65,919793.27
0,931,35900,OTROS GASTOS FINANCIEROS ADMON. FINANCIERA,0,200000,200000,189995.86
0,932,12000,SUELDOS GRUPO A1 CATASTRO,0,0,0,0
0,932,12001,SUELDOS GRUPO A2 CATASTRO,0,0,0,0
0,932,12002,SUELDOS GRUPO B CATASTRO,0,0,0,0
0,932,12003,SUELDOS GRUPO C1 CATASTRO,10285.94,0,10285.94,9884.84
0,932,12004,SUELDOS GRUPO C2  CATASTRO,0,0,0,0
0,932,12005,SUELDOS GRUPO E CATASTRO,0,0,0,0
0,932,12006,TRIENIOS FUNC. CATASTRO,3553.06,0,3553.06,3493.56
0,932,12100,COMPLEM. DESTINO CATASTRO,7513.24,0,7513.24,7137.76
0,932,12101,COMPLEM. ESPECIFICO CATASTRO,14731.5,0,14731.5,13994.96
0,932,12103,OTROS COMPLEM. FUNC. CATASTRO,0,0,0,0
0,932,122,RETRIB. ESPECIE CATASTRO,0,0,0,0
0,932,13000,R.B. L.F. CATASTRO,118294.96,0,118294.96,113268.32
0,932,13001,HORAS EXTRAS L.F. CATASTRO,0,0,0,0
0,932,13002,O.R. L.F. CATASTRO,6939.36,0,6939.36,6716.52
0,932,131,REMUN. L.T. CATASTRO,0,0,0,0
0,932,15000,PRODUCT. FUNC. CATASTRO,5213.88,0,5213.88,4953.12
0,932,15100,GRATIFICACIONES F. CATASTRO,0,0,0,0
0,932,15101,GRATIFICACIONES L.F. CATASTRO,0,0,0,0
0,932,15300,DEDICACION FUNC. CATASTRO,0,0,0,0
0,932,15301,DEDICACION LAB. CATASTRO,0,0,0,0
0,932,22001,PRENSA LI. O. PUBLI. CATASTRO,12000,0,12000,0
0,932,22603,PUBLICACION EN DIARIOS OFICIALES CATASTRO,6000,0,6000,0
0,932,22706,ESTUD. Y TRABA. TECN. CATASTRO,6000,0,6000,4445.68
0,932,23120,LOCOMOCION PERSONAL CATASTRO,0,0,0,0
0,2320,13000,R.B. L.F. AREA DE MUJER,62180.92,0,62180.92,58107.26
0,2320,13001,HORAS EXTRAS L.F. AREA DE MUJER,0,0,0,0
0,2320,13002,O.R. L.F. AREA DE MUJER,720,0,720,1166.13
0,2320,15101,GRATIFICACIONES L.F. AREA DE MUJER,0,0,0,0
0,2320,15301,DEDICACION LAB. AREA DE LA MUJER,0,0,0,0
0,2320,22003,MAT.TEC.ESPE.NO.INVENTARIABLE AREA DE LA MUJER,6000,0,6000,0
0,2320,223,TRANSPORTES,0,0,0,0
0,2320,22602,PUBLIC. Y PROPAGANDA  AREA DE LA MUJER,1300,0,1300,0
0,2320,22606,REUNIO.CONFE. Y CURSOS AREA DE LA MUJER,11330,0,11330,1587
0,2320,22706,ESTUD. Y TRABA TECN. AREA DE LA MUJER,137337,0,137337,119653.29
0,2320,23120,LOCOMOCION PERONAL AREA DE LA MUJER,0,0,0,0
0,2320,489,OTRAS TRANSFERENCIAS AREA DE LA MUJER,1500,0,1500,0
0,2321,13000,R.B. L.F. INMIGRACION Y COOPERACION AL DESARROLLO,36302,0,36302,33816.71
0,2321,13001,HORAS EXTRAS L.F. INMIGRACION Y COOPERACION AL DESARROLLO,0,0,0,0
0,2321,13002,O.R. L.F. INMIGRACION Y COOPERACION AL DESARROLLO,0,0,0,670.19
0,2321,15101,GRATIFICACIONES L.F. INMIGRACION Y COOPERACION AL DESARROLLO,0,0,0,0
0,2321,15301,DEDICACION LAB. INMIGRACION Y COOPERACION AL DESARROLLO,0,0,0,0
0,2321,215,MOBILIARIO INMIGRA. Y COOPERA. AL DESARROLLO,500,0,500,0
0,2321,22601,ATENC.PROTO Y REPRE. INMIGRA. Y COOPERA. AL DESARROLLO,1000,0,1000,0
0,2321,22602,PUBLIC. Y PROPAGANDA INMIGRA. Y COOPERA. AL DESARROLLO,1000,0,1000,0
0,2321,22606,REUNIO. CONFE. Y CURSOS INMIGRA. Y COOPERA. AL DESARROLLO,500,0,500,0
0,2321,22706,ESTUD. Y TRABA. TECN. INMIGRA. Y COOPERA. AL DESARROLLO,141700,0,141700,51332.99
0,2321,23120,LOCOMOCION PERONAL INMIGRACION Y COOPERACION AL DESARROLLO,0,0,0,124.2
0,2321,481,PREM. BECAS Y OTRAS INMIGRA. Y COOPERA. AL DESARROLLO,300,0,300,0
0,2321,489,OTRAS TRANSF. INMIGRA. Y COOPERA. AL DESARROLLO.,7000,0,7000,0
0,2321,49001,OTRAS TRANSF. ONG AL EXTERIOR INMIGR. Y COOPE. AL DESARROLLO,104000,-104000,0,0
0,2330,13000,R.B. L.F. AYUDA A DOMICILIO,690537.14,-44150.6,646386.54,579220.49
0,2330,13001,HORAS EXTRAS L.FL AYUDA A DOMICILIO,1977.48,0,1977.48,0
0,2330,13002,O.R. L.F. AYUDA A DOMICILIO,14575.56,0,14575.56,22956.7
0,2330,131,R.L.T. AYUDA DOMICILIO,0,0,0,19630.58
0,2330,15101,GRATIFICACIONES L.F. SERVICIO DE AYUDA A DOMICILIO,0,0,0,0
0,2330,15102,GRATIFICACIONES L.E. SERVICIO DE AYUDA A DOMICILIO,0,0,0,0
0,2330,15301,DEDICACION LAB. AYUDA DOMICILIO,3606,0,3606,3425.76
0,2330,202,ARRENDA. EDIFICIOS SERVICIO DE AYUDA A DOMICILIO,11000,0,11000,11064.82
0,2330,212,EDIF. Y O. CONSTRUCC. SERVICIO DE AYUDA A DOMICILIO,150,0,150,0
0,2330,213,MAQ. INST. Y UTI. SERVICIO DE AYUDA A DOMICILIO,200,0,200,0
0,2330,22104,VESTUARIO SERVICIO DE AYUDA A DOMICILIO,2500,0,2500,2287.98
0,2330,22706,ESTU. Y TRABA TECN. SERVICIO DE AYUDA A DOMICILIO,135000,0,135000,101776.85
0,2330,23120,LOCOMOCION PERONAL AYUDA DOMILIO,0,0,0,0
0,2331,13000,R.B. L.F. EDUCACION ESPECIAL,293500.16,14279.2,307779.36,179127.23
0,2331,13001,HORAS EXTRAS EDUCACION ESPECIAL,0,0,0,266.96
0,2331,13002,O.R. L.F. EDUCACION ESPECIAL,11461.98,0,11461.98,13600.56
0,2331,131,REMUN. L.T. EDUCACION ESPECIAL,0,0,0,61481.64
0,2331,15101,GRATIFICACIONES L.F. EDUCACION ESPECIAL,0,0,0,0
0,2331,15102,GRATIFICACIONES L.E.EDUCACION ESPECIAL,0,0,0,0
0,2331,15301,DEDICACION LAB. EDUCACION ESPECIAL,3272.76,0,3272.76,0
0,2331,213,MAQ. INST. Y UTI. EDUCACION ESPECIAL,300,0,300,422.05
0,2331,215,MOBILIARIO EDUCACION ESPECIAL,1500,0,1500,437.78
0,2331,22000,MAT. OFICINA  EDUCACION ESPECIAL,400,0,400,30.35
0,2331,22001,PRENSA L. Y O. PUBLI. EDUCACION ESPECIAL,300,0,300,17.95
0,2331,22003,MAT.TEC.ESPE.NO.INVENTARIABLE EDUCACION  ESPECIAL,3000,0,3000,1836.91
0,2331,22100,ENERGIA ELECTRICA EDUCACION ESPECIAL,9393.04,0,9393.04,9583.42
0,2331,22101,AGUA EDUCACION ESPECIAL,1000,0,1000,1230.25
0,2331,22102,GAS EDUCACION ESPECIAL,7000,0,7000,5189.09
0,2331,22106,PRODUCTOS FARMACEUTICOS EDUCACION ESPECIAL,200,0,200,3.96
0,2331,223,TRANSPORTE EDUCACION ESPECIAL,1000,0,1000,353.34
0,2331,224,PRIMAS DE SEGUROS EDUCACION ESPECIAL,400,0,400,0
0,2331,22606,REUNIO.CONFE. Y CURSOS EDUCACION ESPECIAL,3000,0,3000,0
0,2331,22609,ACTIVIDADES CULTURALES Y DEPORTIVAS EDUCACION ESPECIAL,0,0,0,0
0,2331,22706,ESTUD. Y TRABA. TECN. EDUCACION ESPECIAL,47875,0,47875,27892.12
0,2331,23101,LOCOMOCION PERSONAL EDUCACION ESPECIAL,0,0,0,23.9
0,2331,23120,LOCOMOCION PERSONAL EDUCACION ESPECIAL,200,0,200,34.65
0,2331,480,ATENC.BENEF.Y ASIST.EDUCACION ESPECIAL,5000,0,5000,3366
0,2331,489,OTRAS TRANSFERENCIAS EDUCACION ESPECIAL,2000,0,2000,0
0,2332,22609,FESTEJOS Y OTROS EVENTOS RESIDENCIA,5000,0,5000,1500
0,2332,22706,ESTUD. Y TRABA TECN RESIDENCIA,2004024.58,580000,2584024.58,2579864.53
0,3130,12000,SUELDOS GRUPO A1 SALUD,0,0,0,0
0,3130,12001,SUELDOS DEL GRUPO A2  SALUD,0,0,0,0
0,3130,12002,SUELDOS DEL GRUPO B SALUD,0,0,0,0
0,3130,12003,SUELDOS DEL GRUPO C1 SALUD,0,0,0,0
0,3130,12004,SUELDOS DEL GRUPO C2  SALUD,8410.5,0,8410.5,8318.66
0,3130,12005,SUELDOS DEL GRUPO E SALUD,0,0,0,0
0,3130,12006,TRIENIOS FUNC. SALUD,0,0,0,333.18
0,3130,12100,COMPLEM. DESTINO SALUD,4825.24,0,4825.24,4551.42
0,3130,12101,COMPLEM ESPECIFICO SALUD,6620.46,0,6620.46,6244.58
0,3130,12103,OTROS COMPLEM FUNC. SALUD,0,0,0,155.97
0,3130,122,RETRIB.ESPECIE SALUD,0,0,0,0
0,3130,13000,R.B. L.F. SALUD,331161.27,18453.14,349614.41,313012
0,3130,13001,HORAS EXTRAS L.F. SALUD,0,0,0,0
0,3130,13002,O.R. L.F. SALUD,1365.12,0,1365.12,4657.09
0,3130,131,REMUN. L.T. SALUD,0,0,0,0
0,3130,15000,PRODUCT. FUNC. SALUD,2018.76,0,2018.76,1901.98
0,3130,15100,GRATIFICACIONES F. SALUD,0,0,0,0
0,3130,15101,GRATIFICACIONES L.F. SALUD,0,0,0,0
0,3130,15300,DEDICACION FUNC. SALUD,0,0,0,0
0,3130,15301,DEDICACION LAB. SALUD,3545.4,0,3545.4,5044.5
0,3130,202,ARRENDAMIENTOS DE EDIFICIOS Y OTRAS CONSTRUCCIONES,0,0,0,18310.24
0,3130,212,EDIFICIOS Y OTRAS CONSTRUCCIONES,0,0,0,0
0,3130,213,MAQ. INSTA. Y UTI SALUD,0,0,0,216.26
0,3130,214,ELEMENTOS DE TRANSPORTE SALUD,0,0,0,212.4
0,3130,22000,MATERIAL DE OFICINA SALUD,0,0,0,21
0,3130,22001,PRENSA LI. Y O. PUBLI. SALUD,300,0,300,942.2
0,3130,22003,MAT.TEC.ESPE.NO.INVENTARIABLE SALUD,2800,0,2800,1203.49
0,3130,22101,AGUA SALUD,100,0,100,24.61
0,3130,22105,PRODUCTOS ALIMENTICIOS SALUD,4000,0,4000,642.76
0,3130,223,TRANSPORTES SALUD,0,0,0,60.8
0,3130,225,TRIBUTOS SALUD,0,0,0,129.28
0,3130,22601,ATENC. PROTO Y REPRES. SALUD,0,0,0,9
0,3130,22606,REUNIO.CONFE. Y  CURSOS SALUD,49000,0,49000,15148.74
0,3130,22700,LIM. O EMPRE. DESRATIZACION SALUD,23000,0,23000,23161.04
0,3130,22706,ESTUD. Y TRABA. TECN. SALUD,39000,0,39000,12090.68
0,3130,23101,LOCOMOCION PERSONAL SALUD,0,0,0,27.7
0,3130,23120,LOCOMOCION DEL PERSONAL SALUD,200,0,200,0
0,3130,481,PREMIOS BECAS Y OTRAS SALUD.,1600,0,1600,0
0,3130,489,OTRAS TRANSFERENCIAS  SALUD.,24000,0,24000,20400
0,3131,12000,SUELDOS GRUPO A1 AMBULANCIA,0,0,0,0
0,3131,12001,SUELDOS GRUPO A2 AMBULANCIA,0,0,0,0
0,3131,12002,SUELDOS GRUPO B AMBULANCIA,0,0,0,0
0,3131,12003,SUELDOS GRUPO C1 AMBULANCIA,0,0,0,0
0,3131,12004,SUELDOS GRUPO C2 AMBULANCIA,0,0,0,0
0,3131,12005,SUELDOS GRUPO E AMBULANCIA,0,0,0,0
0,3131,12006,TRIENIOS FUNC. AMBULANCIA,0,0,0,0
0,3131,12100,COMPLEM. DESTINO AMBULANCIA,0,0,0,0
0,3131,12101,COMPLEM. ESPECIFICO AMBULANCIA,0,0,0,0
0,3131,12103,OTROS COMPLEM. FUNC. AMBULANCIA,0,0,0,0
0,3131,122,RETRIB. ESPECIE AMBULANCIA,0,0,0,0
0,3131,13000,R.B. L.F. AMBULANCIA,216291.76,16654.88,232946.64,224229.52
0,3131,13001,HORAS EXTRAS AMBULANCIA,3774.12,0,3774.12,1691.87
0,3131,13002,O.R. L.F. AMBULANCIA,82789.8,0,82789.8,62517.34
0,3131,131,REMUN. L.T. AMBULANCIA,0,0,0,0
0,3131,15000,PRODUCT. FUNC. AMBULANCIA,0,0,0,0
0,3131,15100,GRATIFICACIONES F. AMBULANCIA,0,0,0,0
0,3131,15101,GRATIFICACIONES L.F. AMBULANCIA,0,0,0,0
0,3131,15300,DEDICACION FUNC. AMBULANCIA,0,0,0,0
0,3131,15301,DEDICACION LAB. AMBULANCIA,0,0,0,142.5
0,3131,213,MAQ. INST. Y UTI. AMBULANCIA,1000,0,1000,0
0,3131,214,ELEMENTOS DE TRANSPORTE AMBULANCIA,5000,0,5000,0
0,3131,22003,MAT.TECN.ESPE.NO.INVENTARIABLE AMBULANCIA,3000,0,3000,0
0,3131,22104,VESTUARIO AMBULANCIA,8000,0,8000,7996.77
0,3131,22106,PRODUCTOS FARMACEUTICOS AMBULANCIA,1500,0,1500,0
0,3131,225,TRIBUTOS AMBULANCIA,320,0,320,0
0,3131,22700,LIMPIEZA Y ASEO AMBULANCIA,2000,0,2000,0
0,3131,22706,ESTUD. Y TRABA. TECN. AMBULANCIA,9100,0,9100,0
0,3131,23120,LOCOMOCION PERSONAL AMBULANCIA,0,0,0,0
0,3370,13000,R.B. L.F. PARTICIPACION CIUDADANA,464382.12,-55983.16,408398.96,330053.02
0,3370,13001,HORAS EXTRAS L.F. PARTICIPACION CIUDADANA,5013.65,0,5013.65,0
0,3370,13002,O.R. L.F. PARTICIPACION CIUDADANA,7430.75,0,7430.75,14477.42
0,3370,131,R. L.T.  PARTICIPACION CIUDADANA,4310.44,0,4310.44,6786.09
0,3370,15101,GRATIFICACIONES L.F. PARTICIPACION CIUDADANA,0,0,0,0
0,3370,15301,DEDICACION LAB.PARTICIPACION CIUDADANA,0,0,0,0
0,3370,203,ARREND.MAQ. INST. Y UTI.PARTICIPACION CIUDADANA,20000,0,20000,3215.5
0,3370,205,ARRENDAMIENTOS DE MOBILIARIO Y ENSERES,0,0,0,354
0,3370,212,EDIF. Y O. CONSTRUCC. PARTICIPACION CIUDADANA,0,0,0,17.3
0,3370,213,MAQ.INST. Y UTI. PARTICIPACION CIUDADANA,1200,0,1200,1676.4
0,3370,215,MOBILIARIO PARTICIPACION CIUDADANA,0,0,0,0
0,3370,216,EQUIPOS PARA PROCESOS DE INFORMACION,0,0,0,0
0,3370,22001,PRENSA LI. Y O. PUBLIC. PARTICIPACION CIUDADANA,0,0,0,0
0,3370,22003,MAT. TECN.ESPE. NO INV. PARTICIPACION CIUDADANA,6600,0,6600,3170.88
0,3370,22100,ENERGIA ELCTRICA PARTICIPACION CIUDADANA,74837.7,0,74837.7,76061.95
0,3370,223,TRANSPORTE PARTICIPACION CIUDADANA,2000,0,2000,38.35
0,3370,22601,ATENC. PROTO. Y REPRE. PARTICIPACION CIUDADANA,10000,0,10000,2233.8
0,3370,22602,PUBLIC. Y PROPAGANDA PARTICIPACION CIUDADANA,2000,0,2000,0
0,3370,22604,"JURIDICOS, CONTENCIOSOS PARTICIPACION CIUDADANA",0,0,0,0
0,3370,22606,"REUNIONES, CONFERENCIAS Y CURSOS PARTICIPACION CIUDADANA",0,0,0,0
0,3370,22609,FESTEJOS (S.MARCOS.CABAL.CARN.ETC) PARTICIPACION CIUDADANA,200000,0,200000,135565.41
0,3370,22706,ESTUD. Y TRABA.TÉCN.PARTICIPACION CIUDADANA,53000,0,53000,30132.5
0,3370,23120,LOCOMOCION PERSONAL PARTICIPACION CIUDADANA,0,0,0,0
0,3370,481,PREMIOS BECAS Y OTRAS PARTICIPACION CIUDADANA,6500,0,6500,600
0,3370,489,OTRAS TRANSFERENCIAS PARTICIPACION CIUDADANA,110000,0,110000,6000
0,3380,22609,FESTEJOS POPULARES P. CIUDADANA,1400000,0,1400000,485055.85
0,9120,10000,RETRIBUCIONES BASICAS ORGANOS DE GOBIERNO,792100,0,792100,692292.25
0,9120,10001,OTRAS REMUNERACIONES ORGANOS DE GOBIERNO,0,0,0,0
0,9120,110,RETRIB. BASICAS Y OTRAS REMUNERACIONES DE PERSONAL EVENTUAL,0,0,0,0
0,9120,11000,R.B.  P.E. ORGANOS DE GOBIERNO,67622.02,0,67622.02,50415.18
0,9120,11001,R.C. P.E. ORGANOS DE GOBIERNO,157370.32,0,157370.32,132617.07
0,9120,11002,O.R. P.E. ORGANOS DE GOBIERNO,0,0,0,0
0,9120,215,MOBILIARIO ORGANOS DE GOBIERNO,500,0,500,997.1
0,9120,22601,ATENC.PROTO.Y REPRE. ORGANOS DE GOBIERNO,30000,0,30000,21769.57
0,9120,22706,ESTUDIOS Y TRABAJOS TECNICOS,0,0,0,967.6
0,9120,23000,DIETAS DE LOS MIEMBROS DE LOS ORGANOS DE GOBIERNO,30000,0,30000,32145
0,9120,23100,LOCOMOCION DE LOS MIEMBROS DE LOS ORGANOS DE GOBIERNO,300,0,300,180.13
0,9120,23101,LOCOMOCION PERSONAL,0,0,0,0
0,9120,489,OTRAS TRANSFERENCIAS.ORGANOS GOBIERNO,29000,0,29000,11500
0,9121,12000,SUELDOS DEL GRUPO A1 ALCALDIA,1161.29,0,1161.29,0
0,9121,12001,SUELDOS DEL GRUPO A2 ALCALDIA,0,0,0,0
0,9121,12002,SUELDOS DEL GRUPO B ALCALDIA,0,0,0,0
0,9121,12003,SUELDOS DEL GRUPO C1 ALCALDIA,0,0,0,0
0,9121,12004,SUELDOS DEL GRUPO C2 ALCALDIA,0,0,0,0
0,9121,12005,SUELDOS DEL GRUPO E ALCALDIA,7678.44,0,7678.44,7678.58
0,9121,12006,TRIENIOS FUNC. ALCALDIA,2763.88,0,2763.88,2764.3
0,9121,12100,COMPLEM. DESTINO ALCALDIA,4708.7,0,4708.7,3640.98
0,9121,12101,COMPLEM. ESPECIFICO ALCALDIA,9070.49,0,9070.49,6805.82
0,9121,12103,OTROS COMPLEM FUNC. ALCALDIA,9360,0,9360,8892
0,9121,122,RETRI. ESPECIE ALCALDIA,2166.48,0,2166.48,690
0,9121,13000,R.B. L.F. ALCALDIA,203202.34,-18453.14,184749.2,134390.46
0,9121,13001,HORAS EXTRAS L.F. ALCALDIA,0,0,0,0
0,9121,13002,O.R. L.F. ALCALDIA,4337.4,0,4337.4,4120.56
0,9121,15000,PRODUCT. FUNC. ALCALDIA,9619.08,0,9619.08,9138.12
0,9121,15100,GRATIFICACIONES F. ALCALDIA,0,0,0,0
0,9121,15101,GRATIFICACIONES L.F. ALCALDIA,1963.68,0,1963.68,0
0,9121,15300,DEDICACION FUNC. ALCALDIA,0,0,0,0
0,9121,15301,DEDICACION LAB. ALCALDIA,36000,0,36000,13380
0,9121,213,MAQ.INST. Y UTI. ALCALDIA,300,0,300,0
0,9121,214,ELEMENTOS DE TRANSPORTE ALCALDIA,200,0,200,0
0,9121,215,MOBILIARIO ALCALDIA,2000,0,2000,0
0,9121,22000,MAT. OFICINA  ALCALDIA,200,0,200,0
0,9121,22001,PRENSA LI. Y O. PUBLIC. ALCALDIA,0,0,0,0
0,9121,22003,MAT.TEC.ESPE.NO.INVENTARIABLE ALCALDIA,150,0,150,187.29
0,9121,22202,TELEGRAFICAS ALCALDIA,100,0,100,0
0,9121,223,TRANSPORTE ALCALDIA,300,0,300,0
0,9121,22601,ATENC.PROTO.Y REPRE.ALCALDIA,30000,0,30000,31410.7
0,9121,22699,OTROS GASTOS DIVERSOS,0,0,0,48.53
0,9121,22706,ESTUDIOS Y TRABAJOS TECNICOS,0,0,0,0
0,9121,23120,LOCOMOCION PERSONAL ALCALDIA,0,0,0,0
0,9200,12000,SUELDOS GRUPO A1 ADMON. GRAL.,20903.22,0,20903.22,44031.96
0,9200,12001,SUELDOS GRUPO A2 ADMON. GRAL.,13798.26,0,13798.26,12906.52
0,9200,12002,SUELDOS GRUPO B ADMON. GRAL.,0,0,0,0
0,9200,12003,SUELDOS GRUPO C1 ADMON. GRAL.,11755.36,0,11755.36,19769.68
0,9200,12004,SUELDOS GRUPO C2 ADMON. GRAL.,13419.51,0,13419.51,8378.58
0,9200,12005,SUELDOS GRUPO E ADMON. GRAL.,7678.44,-36.42,7642.02,7642.02
0,9200,12006,TRIENIOS FUNC. ADMON. GRAL.,15719.66,-701.84,15017.82,18563.07
0,9200,12100,COMPLEM. DESTINO ADMON. GRAL.,45611.44,2376.2,47987.64,66400.61
0,9200,12101,COMPLEM ESPECIFICO ADMON. GRAL.,70246.67,-1797,68449.67,89405.69
0,9200,12103,OTROS COMPLEM. FUNC. ADMON. GRAL.,3606.12,0,3606.12,3741.26
0,9200,122,RETRIB. ESPECIE. ADMON. GRAL.,65.64,0,65.64,0
0,9200,13000,R.B. L.F. ADMON. GRAL.,349028.54,271926.9,620955.44,684576.42
0,9200,13001,HORAS EXTRAS L.F. ADMON. GRAL.,1379.88,0,1379.88,2566.07
0,9200,13002,O.R. L.F. ADMON GRAL.,2900.52,0,2900.52,19028.5
0,9200,131,REMUN. L.T. ADMON. GRAL.,0,8383.9,8383.9,8383.9
0,9200,15000,PRODUCT. FUNC. ADMON. GRAL.,49717.08,1454.48,51171.56,65486.68
0,9200,15100,GRATIFICACIONES F. ADMON. GENERAL,997.68,0,997.68,1210.92
0,9200,15101,GRATIFICACIONES L.F. ADMON GRAL,0,0,0,0
0,9200,15300,DEDICACION FUNC. ADMON. GRAL.,0,0,0,0
0,9200,15301,DEDICACION LAB. ADMON. GRAL.,3540.6,0,3540.6,3425.76
0,9200,203,ARRENDAMIENTOS DE MAQUINARIA INSTALACIONES Y UTILLAJE,0,0,0,6939.26
0,9200,213,"MAQUINARIA, INSTALACIONES Y UTILLAJE",0,0,0,1529.98
0,9200,215,MOBILIARIO ADMON.GENERAL,0,0,0,46
0,9200,22000,MAT. OFICINA ADMON. GRAL.,600,0,600,124.62
0,9200,22001,"PRESA, REVISTAS, LIBROS Y OTRAS PUBLICACIONES",0,0,0,6523
0,9200,22003,MATERIAL TECNICO ESPECIAL NO INVENTARIABLE,0,0,0,0
0,9200,22201,POSTALES ADMON. GRAL.,0,0,0,83065.53
0,9200,22601,ATENC. PROTO. Y REPRE ADMON. GRAL.,1000,0,1000,0
0,9200,22603,PUBLICACION EN DIARIOS OFICIALES ADMON. GRAL.,15000,0,15000,22206.38
0,9200,22699,OTROS GASTOS DIVERSOS,0,0,0,6862.03
0,9200,22705,PROCESOS ELECTORALES,0,0,0,10675.5
0,9200,22706,ESTUD. Y TRABA. TECN. ADMON.GRAL.,178000,0,178000,83075.99
0,9200,23120,LOCOMOCION PERSONAL ADMON. GRAL.,0,0,0,0
0,9201,12000,SUELDOS DEL GRUPO A1 PERSONAL,32516.12,0,32516.12,23125.03
0,9201,12001,SUELDOS DEL GRUPO A2  PERSONAL,13798.26,0,13798.26,11983.66
0,9201,12002,SUELDOS GRUPO B PERSONAL,0,0,0,0
0,9201,12003,SUELDOS GRUPO C1 PERSONAL,0,0,0,0
0,9201,12004,SULEDOS GRUPO C2 PERSONAL,8410.5,0,8410.5,8378.58
0,9201,12005,SUELDOS GRUPO E PERSONAL,0,0,0,0
0,9201,12006,TRIENIOS FUNC. PERSONAL,6366.64,0,6366.64,5566.96
0,9201,12100,COMPLEM. DESTINO PERSONAL,37670.36,0,37670.36,30094.08
0,9201,12101,COMPLEM. ESPECIFICO PERSONAL,43250.34,0,43250.34,35287.22
0,9201,12103,OTROS COMPLEM FUNC. PERSONAL,741.12,0,741.12,0
0,9201,122,RETRIB. ESPECIE PERSONAL,0,0,0,0
0,9201,13000,R.B. L.F. PERSONAL,368298.14,0,368298.14,231852.65
0,9201,13001,HORAS EXTRAS L.F. PERSONAL,2493.12,0,2493.12,0
0,9201,13002,O.R. L.F. PERSONAL,1846.44,0,1846.44,25042.96
0,9201,15000,PRODUCT. FUNC.  PERSONAL,27808.2,0,27808.2,18316.15
0,9201,15100,GRATIFICACIONES F. PERSONAL,0,0,0,0
0,9201,15101,GRATIFICACIONES L.F. PERSONAL,0,0,0,0
0,9201,15300,DEDICACION FUNC. PERSONAL,0,0,0,0
0,9201,15301,DEDICACION LAB. PERSONAL,0,0,0,0
0,9201,205,ARRENDAMIENTOS DE MOBILIARIO Y ENSERES,0,0,0,0
0,9201,213,MAQ. INST. Y UTILLAJE PERSONAL,50,0,50,4107.16
0,9201,215,MOBILIARIO,0,0,0,0
0,9201,22001,PRENSA LI. Y O. PUBLI. PERSONAL,300,0,300,0
0,9201,22106,PRODUCTOS FARMACEUTICOS Y MATERIAL SANITARIO,0,0,0,237.5
0,9201,22202,TELEGRAFICAS PERSONAL,200,0,200,0
0,9201,224,PRIMAS DE SEGUROS,0,0,0,15413
0,9201,22500,TRIBUTOS ESTATALES,0,0,0,0
0,9201,22601,ATENC.PROTO. Y REPRE. PERSONAL,1000,0,1000,0
0,9201,22603,PUBLICACION EN DIARIOS OFICIALES PERSONAL,30000,0,30000,564.64
0,9201,22604,"JURIDICOS, CONTENCIOSOS",0,0,0,0
0,9201,22607,OPOSICIONES Y PRUEBAS SELECTIVAS,0,0,0,173.85
0,9201,22706,ESTUD. Y TRABA. TECN. PERSONAL,94500,0,94500,110495.19
0,9201,23020,DIETAS DEL PERSONAL  PERSONAL,10000,0,10000,0
0,9201,23120,LOCOMOCION PERSONAL  PERSONAL,0,0,0,0
0,9201,23300,OTRAS INDEMNIZACIONES,0,0,0,1523.88
0,9201,352,INTERESES DE DEMORA,0,0,0,0
0,9202,13000,R.B. L.F. COMPRAS,153872.78,-9933.66,143939.12,122747.19
0,9202,13001,HORAS EXTRAS L.F. COMPRAS,0,0,0,0
0,9202,13002,O.R. L.F. COMPRAS,3600,0,3600,6652.27
0,9202,15000,PRODUCT. FUNC. COMPRAS,0,0,0,0
0,9202,15100,GRATIFICACION F.COMPRAS,0,0,0,0
0,9202,15101,GRATIFICACIONES L.F. COMPRAS,0,0,0,0
0,9202,15301,DEDICACION LAB. COMPRAS,0,0,0,0
0,9202,215,MOBILIARIO COMPRAS,12000,-12000,0,0
0,9202,22000,MAT. OFICINA COMPRAS,160000,0,160000,40292.93
0,9202,22002,MAT.INFOR. NO INVENTARIABLE COMPRAS,100000,0,100000,67244.52
0,9202,22103,COMBUSTIBLE Y CARBURANTES COMPRAS,65000,0,65000,52427.02
0,9202,22104,VESTUARIO COMPRAS,30000,-20000,10000,900
0,9202,22706,ESTUD. Y TRABA. TECN. COMPRAS,15000,-15000,0,0
0,9202,23120,LOCOMOCION PERSONAL COMPRAS,0,0,0,0
0,9203,12000,SUELDOS GRUPO A1 CONTRATACION,16258.06,0,16258.06,14677.32
0,9203,12001,SUELDOS GRUPO A2 CONTRATACION,0,0,0,0
0,9203,12002,SUELDOS GRUPO B CONTRATACION,0,0,0,0
0,9203,12003,SUELDOS GRUPO C1 CONTRATACION,10285.94,0,10285.94,19769.68
0,9203,12004,SULEDOS GRUPO C2 CONTRATACION,0,0,0,0
0,9203,12005,SUELDOS GRUPO E CONTRATACION,0,0,0,0
0,9203,12006,TRIENIOS FUNC. CONTRATACION,6677.16,0,6677.16,6638.86
0,9203,12100,COMPLEM. DESTINO CONTRATACION,18415.6,0,18415.6,23336.6
0,9203,12101,COMPLEM. ESPECIFICO CONTRATACION,20567.82,0,20567.82,27479.62
0,9203,12103,OTROS COMPLEM. FUNC. CONTRATACION,0,0,0,0
0,9203,122,RETRIB. ESPECIE  CONTRATACION,0,0,0,0
0,9203,13000,R.B. L.F. CONTRATACION,149401.45,-16801.96,132599.49,105774.43
0,9203,13001,HORAS EXTRAS L.F. CONTRATACION,0,0,0,0
0,9203,13002,O.R. L.F. CONTRATACION,0,0,0,2006.53
0,9203,15000,PRODUCT. FUNC.  CONTRATACION,28870.92,0,28870.92,24612.96
0,9203,15100,GRATIFICACIONES F. CONTRATACION,0,0,0,127.94
0,9203,15101,GRATIFICACIONES  L.F. CONTRATACION,0,0,0,0
0,9203,15102,GRATIFICACIONES L.E. CONTRATACION,0,0,0,0
0,9203,15300,DEDICACION FUNC. CONTRATACION,0,0,0,0
0,9203,15301,DEDICACION LAB. CONTRATACION,0,0,0,0
0,9203,22001,PRENSA LI. Y O. PUBLI.  CONTRATACION,5000,0,5000,3251.04
0,9203,224,PRIMAS DE SEGURO CONTRATACION,450000,-120000,330000,301895.02
0,9203,22501,TRIBUTOS DE LAS COMUNIDADES AUTONOMAS,0,0,0,12.12
0,9203,22603,PUBLIC. EN DIARIOS OFICIA. CONTRATACION,15000,0,15000,9404.94
0,9203,23120,LOCOMOCION  PERSONAL CONTRATACION,0,0,0,0
0,9204,12000,SUELDOS GRUPO A1 JURIDICO,16258.06,0,16258.06,14677.32
0,9204,12001,SUELDOS GRUPO A2 JURIDICO,0,0,0,0
0,9204,12002,SUELDOS GRUPO B JURIDICO,0,0,0,0
0,9204,12003,SUELDOS GRUPO C1 JURIDICO,0,0,0,0
0,9204,12004,SUELDOS GRUPO C2 JURIDICO,8410.5,0,8410.5,0
0,9204,12005,SUELDOS GRUPO E JURIDICO,0,0,0,0
0,9204,12006,TRIENIOS FUNC. JURIDICO,4888.52,0,4888.52,4347.42
0,9204,12100,COMPLEM. DESTINO JURIDICO,17092.04,0,17092.04,11653.6
0,9204,12101,COMPLEM. ESPECIFICO JURIDICO,18830.42,0,18830.42,11599.42
0,9204,12103,OTROS COMPLEM FUNC. JURIDICO,0,0,0,401.82
0,9204,122,RETRIB. ESPECIE JURIDICO,0,0,0,0
0,9204,15000,PRODUCT. FUNC. JURIDICO,5766.36,0,5766.36,13987.56
0,9204,15100,GRATIFICACIONES F. JURIDICO,0,0,0,0
0,9204,15300,DEDICACION FUNC. JURIDICO,0,0,0,0
0,9204,22001,PRENSA LI. Y O. PUBLI. JURIDICO,1000,0,1000,0
0,9204,22604,JURIDICOS CONTENCIOSOS JURIDICO,200000,-100000,100000,21079.31
0,9204,22699,OTROS GASTOS DIVERSOS,0,0,0,46795.39
0,9204,22706,ESTUDIOS Y TRABAJOS TECNICOS,0,0,0,0
0,9204,23120,LOCOMOCION PERSONAL JURIDICO,0,0,0,0
0,9205,212,EDIFI. Y OTRAS CONSTRUC. EDIFICIOS,250000,0,250000,51038.56
0,9205,22700,CTO. MANT. LIMPIEZA EDIFICIOS,4801060.6,0,4801060.6,5218313.94
0,9206,12000,SUELDOS DEL GRUPO A1 SANCIONES,1161.29,0,1161.29,0
0,9206,12001,SUELDOS DEL GRUPO A2 SANCIONES,0,0,0,0
0,9206,12002,SUELDOS DEL GRUPO B SANCIONES,0,0,0,0
0,9206,12003,SUELDOS GRUPO C1 SANCIONES,10285.94,0,10285.94,9884.84
0,9206,12004,SUELDOS DEL GRUPO C2 SANCIONES,0,0,0,0
0,9206,12005,SUELDOS GRUPO E SANCIONES,0,0,0,0
0,9206,12006,TRIENIOS FUNC SANCIONES,2701.55,0,2701.55,2619.54
0,9206,12100,COMPLEM. DESTINO  SANCIONES,7025,0,7025,5841.5
0,9206,12101,COMPLEM.ESPECIFICO SANCIONES,9230,0,9230,7940.1
0,9206,12103,OTROS COMPLEM FUNC. SANCIONES,0,0,0,1409.25
0,9206,122,RETRIB.ESPECIE SANCIONES,0,0,0,0
0,9206,13000,R.B. L.F. SANCIONES,53130.03,0,53130.03,50710.16
0,9206,13001,HORAS EXTRAS L.F. SANCIONES,0,0,0,0
0,9206,13002,O.R. L.F. SANCIONES,0,0,0,0
0,9206,15000,PRODUCT. FUNC. SANCIONES,11735.16,0,11735.16,11123.64
0,9206,15101,GRATIFICACIONES L.F. SANCIONES,0,0,0,0
0,9206,15300,DEDICACION FUNC. SANCIONES,0,0,0,0
0,9206,15301,DEDICACION LAB. SANCIONES,0,0,0,0
0,9206,22001,PRENSA LI. Y O. PUBLI. SANCIONES,3400,0,3400,5627.25
0,9206,22003,MAT.TEC.ESPE.NO INVENTARIABLE SANCIONES,2000,0,2000,0
0,9206,22603,PUBLICACION EN DIARIOS OFICIALES SANCIONES,773,0,773,27682.17
0,9206,22706,ESTUD. Y TRABA. TECN. SANCIONES,657009,0,657009,241640.12
0,9206,23120,LOCOMOCION PERSONAL SANCIONES,0,0,0,0
0,9207,13000,R.B. L.F. INFORMATICA,170337.56,0,170337.56,162341.43
0,9207,13001,HORAS EXTRAS INFORMATICA,719.16,0,719.16,373.98
0,9207,13002,O.R. L.F. INFORMATICA,0,0,0,0
0,9207,15101,GRATIFICACIONES L.F. INFORMATICA,0,0,0,0
0,9207,15301,DEDICACION LAB. INFORMATICA,1800,0,1800,1710
0,9207,216,EQUIPOS PROCESO DE INFORMACION INFORMATICA,133627.91,-23000,110627.91,89907.09
0,9207,22002,MATERIAL INFORMATICO NO INVENTARIABLE INFORMATICA,4850,-1500,3350,3900.84
0,9207,22003,MAT.TEC.ESPE.NO INVENTARIABLE INFORMATICA,4225,0,4225,15100.16
0,9207,22200,TELECOMUNICACIONES INFORMATICA,220000,0,220000,230377.08
0,9207,22204,COMUNICACIONES INFORMATICAS,5000,0,5000,15460.86
0,9207,22706,ESTUD. Y TRABA. TECN. INFORMATICA,66000,-49000,17000,7592.25
0,9207,23120,LOCOMOCION PERSONAL INFORMATICA,0,0,0,0
0,9207,633,"MAQUINARIA, INSTALACIONES TECNICAS Y UTILLAJE",0,46000,46000,45748.52
0,9207,63300,"REPOSICIÓN  MAQUINARIA, INSTALACIONES TÉCNICAS E UTILLAJE.",0,10000,10000,8308.68
0,9207,64002,INTEGRACION APLICACIONES,0,101107.56,101107.56,98754.78
0,9260,13000,R.B. L.F. COMUNICACION SOCIAL,222306.89,0,222306.89,180974.63
0,9260,13001,HORAS EXTRAS L.F. COMUNICACION SOCIAL,0,0,0,0
0,9260,13002,O.R. L.F. COMUNICACION SOCIAL,9515.64,0,9515.64,11637.55
0,9260,131,REMUN. L.T. COMUNICACION SOCIAL,0,0,0,0
0,9260,15101,GRATIFICACIONES L.F. COMUNICACION SOCIAL,0,0,0,0
0,9260,15301,DEDICACION LAB. COMUNICACION SOCIAL,11998.44,0,11998.44,8864.1
0,9260,203,ARRENDAMIENTOS DE MAQUINARIA INSTALACIONES Y UTILLAJE,0,0,0,18569.14
0,9260,212,EDIF. Y O. CONSTRUCC. COMUNICACION SOCIAL,20000,0,20000,7801.7
0,9260,213,"MAQUINARIA, INSTALACIONES Y UTILLAJE",0,0,0,182.55
0,9260,215,MOBILIARIO,0,0,0,0
0,9260,216,EQUIP. PROCE. INFORM. COMUNICACION SOCIAL,7500,0,7500,6652.25
0,9260,22001,PRENSA LI. O. PUBLI. COMUNICACION SOCIAL,200,0,200,0
0,9260,22003,MAT.TEC.ESPE.NO INVENTARIABLE COMUNICACION SOCIAL,1500,0,1500,977.97
0,9260,22601,ATENC. PROTO. Y REPRE. COMUNICACION SOCIAL,33000,0,33000,6978.57
0,9260,22602,PUBLIC. Y PROPAGANDA COMUNICACION SOCIAL,7000,0,7000,0
0,9260,22606,REUNIO. CONFE. Y CURSOS COMUNICACION SOCIAL,12000,0,12000,0
0,9260,22610,REVISTAS MUNICIPALES COMUNICACION SOCIAL,268600,0,268600,166616.49
0,9260,22699,OTROS GASTOS DIVERSOS,0,0,0,0
0,9260,22706,ESTUD. Y TRABA TECN. COMUNICACION SOCIAL,75000,0,75000,16193.06
0,9260,23120,LOCOMOCION PERSONAL COMUNICACION SOCIAL,0,0,0,0
0,9261,13000,R.B. L.F. GABINETE DE PRENSA,80843.97,0,80843.97,73924.57
0,9261,13001,HORAS EXTRAS GABINETE DE PRENSA,0,0,0,0
0,9261,13002,O.R. L.F. GABINETE DE PRENSA,0,0,0,0
0,9261,131,R.L. T. GABINETE DE PRENSA,0,0,0,0
0,9261,15000,PRODUCT. FUNC. GABINETE DE PRENSA,0,0,0,0
0,9261,15101,GRATIFICACIONES L.F. GABINETE DE PRENSA,0,0,0,0
0,9261,15300,DEDICACION FUNC.GABINETE DE PRENSA,0,0,0,0
0,9261,15301,DEDICACION LAB. GABINETE DE PRENSA,1800,0,1800,1624.5
0,9261,22001,PRENSA LI.Y O. PUBLI. GABINETE DE PRENSA,4264,0,4264,4931.6
0,9261,22203,INFORMATICAS GABINETE DE PRENSA,17580,0,17580,9119.52
0,9261,225,TRIBUTOS GABINETE DE PRENSA,100,0,100,0
0,9261,22500,TRIBUTOS ESTATALES,0,0,0,100
0,9261,22602,PUBLIC. Y PROPAGANDA GABINETE DE PRENSA,120078.36,0,120078.36,54422.64
0,9261,22706,ESTUD. Y TRAB.TEC. GABINETE DE PRENSA,30000,0,30000,0
0,9261,23020,LOCOMOCION PERSONAL GABINETE DE PRENSA,0,0,0,0
0,9290,13000,R.B. L.F. CENTRO BARRIO VIVA VERDE,112612.48,0,112612.48,106870.28
0,9290,13001,HORAS EXTRAS CENTRO BARRIO VIVA VERDE,0,0,0,0
0,9290,13002,O.R. L.F. CENTRO BARRIO VIVA VERDE,4011.84,0,4011.84,3019.76
0,9290,131,R.L. T. CENTRO BARRIO VIVA VERDE,0,0,0,0
0,9290,15101,GRATIFICACIONES L.F. CENTRO DE BARRIO VIVA VERDE,0,0,0,0
0,9290,15301,DEDICACION LAB. CENTRO BARRIO VIVA VERDE,3606.12,0,3606.12,3425.76
0,9290,213,MAQ. INSTAL. Y UTILLAJE C.B. VIVA VERDE,500,0,500,165.6
0,9290,22100,ENERGIA ELECTRICA CENTRO BARRIO VIVA-VERDE,4244.85,0,4244.85,19910.55
0,9290,22601,ATENC.PROTO. Y REPRE.CENTRO BARRIO VIVA VERDE,100,0,100,0
0,9290,23120,LOCOMOCION PERSONAL CENTRO BARRIO II VIVA VERDE,0,0,0,0
0,9291,12000,SUELDOS GRUPO A1 CENTRO BARRIO II EL RESTON,0,0,0,0
0,9291,12001,SUELDOS GRUPO A2 CENTRO BARRIO II EL RESTON,0,0,0,0
0,9291,12002,SUELDOS GRUPO B CENTRO BARRIO II EL RESTON,0,0,0,0
0,9291,12003,SUELDOS GRUPO C1 CENTRO BARRIO II EL RESTON,0,0,0,0
0,9291,12004,SUELDOS GRUPO C2 CENTRO BARRIO II EL RESTON,8410.5,0,8410.5,7559.61
0,9291,12005,SUELDOS GRUPO E CENTRO BARRIO II EL RESTON,0,0,0,0
0,9291,12006,TRIENIOS FUNC. CENTRO BARRIO II EL RESTON,0,0,0,302.82
0,9291,12100,COMPLEM. DESTINO CENTRO BARRIO II EL RESTON,4825.24,0,4825.24,4136.67
0,9291,12101,COMPLEM. ESPECIFICO CENTRO BARRIO II EL RESTON,6620.46,0,6620.46,5675.53
0,9291,12103,OTROS COMPLEM. FUNC. CENTRO BARRIO II EL RESTON,0,0,0,2131.65
0,9291,13000,R.B. L.F. CENTRO BARRIO II EL RESTON,189108.02,0,189108.02,142482.98
0,9291,13001,HORAS EXTRAS CENTRO BARRIO II EL RESTON,0,0,0,0
0,9291,13002,O.R. L.F. CENTRO BARRIO II EL RESTON,1381.92,0,1381.92,398.6
0,9291,131,R.L. T. CENTRO BARRIO II EL RESTON,0,0,0,16530.08
0,9291,15000,PRODUCT. FUNC. CENTRO BARRIO II EL RESTON,2018.76,0,2018.76,1699.53
0,9291,15100,GRATIFICACIONES F. CENTRO BARRIO II EL RESTON,0,0,0,0
0,9291,15101,GRATIFICACIONES L.F. CENTRO DE BARRIO II RESTON,0,0,0,0
0,9291,15300,DEDICACION FUNC. CENTRO BARRIO II EL RESTON,0,0,0,0
0,9291,15301,DEDICACION LAB. CENTRO BARRIO II EL RESTON,0,0,0,0
0,9291,203,ALQUILER MAR. IST. UTILLAJE C.BARRIO II EL RESTON,675,0,675,0
0,9291,213,MAQ. INST. Y UTILL. CENTRO BARRIO II EL RESTON,1100,0,1100,1863.32
0,9291,22001,PRENSA LI. Y O. PUBLIC. CENTRO BARRIO II EL RESTON,2000,0,2000,1778.82
0,9291,22100,ENERGIA ELECTRICA CENTRO BARRIO II EL RESTON,75974.37,0,75974.37,115495.39
0,9291,224,PRIMAS DE SEGUROS C.BARRIO II EL RESTÓN,2000,0,2000,0
0,9291,22601,ATENC. PROTO. Y REPRE. CENTRO BARRIO II EL RESTÓN,900,0,900,161.73
0,9291,22602,PUBLICIDAD Y PROPAGANDA CENTRO DE BARRIO II EL RESTON,0,0,0,0
0,9291,22606,"REUNIONES, CONFERENCIAS Y CURSOS CENTRO  BARRIO II EL RESTON",0,0,0,0
0,9291,22609,FESTEJOS Y OTROS EVENTOS CENTRO BARRIO II EL RESTON,15000,0,15000,0
0,24101,206,ARREND. EQUIP. PROCES. INFORM. APLIC. INFOR. GESTION 2011-12,0,2000,2000,0
0,24101,22000,ORDINARIO NO INVENTARIABLE INFOR. GESTION 2011-12,0,500,500,748.9
0,24101,22001,"PRENSA, REVI.  Y O. PUBLIC. APL IC.INFOR. GESTION 2011-12",0,500,500,310.4
0,24101,22003,MAT.ESPEC. NO INV. APL IC.INFOR. GESTION 2011-12,0,1000,1000,0
0,24101,224,PRIMAS DE SEGUROS APL IC.INFOR. GESTION 2011-12,0,600,600,563.35
0,24101,22706,EST. Y TRAB. TECNICO APL IC.INFOR. GESTION 2011-12,0,12050,12050,0
0,24102,206,ARREND. EQUIP. PROCES. INFORM. INFORMAT. USUARIOS 2011-12,0,3500,3500,0
0,24102,22000,ORDINARIO NO INVENTARIABLE INFORMAT. USUARIOS 2011-12,0,650,650,0
0,24102,22001,"PRENS, REVI.  Y O. PUBLIC. APL IC.INFORMAT. USUARIOS 2011-11",0,500,500,0
0,24102,22003,MAT.ESPEC. NO INV. APL IC.INFOR.USUAR. 11-12,0,948.75,948.75,0
0,24102,224,PRIMAS DE SEGUROS  INFORMAT. USUARIOS 2011-12,0,500,500,536.6
0,24102,22706,EST. Y TRAB. TECNICO INFORMAT. USUARIOS 2011-12,0,10000,10000,0
0,24103,203,ARREND. MAQ.INSTA Y UTILL.. ATEC.SOC.SAN.PERS.DEPEND. 11-12,0,6500,6500,0
0,24103,206,ARREN. EQUIP. PROCES. INFORM.ATEC.SOC.SAN.PERS.DEPEND. 11-12,0,2500,2500,0
0,24103,22000,ORDINARIO NO INVENTARIABLE ATEC.SOC.SAN.PERS.DEPEND. 11-12,0,1390,1390,0
0,24103,22001,"PRENS, REVI.  Y O. PUBLIC. ATEC.SOC.SAN.PERS.DEPEND. 11-12",0,1000,1000,0
0,24103,22003,MAT.ESPEC. NO INV.  ATEC.SOC.SAN.PERS.DEPEND. 11-12,0,3500,3500,0
0,24103,223,TRANSPORTES  ATEC.SOC.SAN.PERS.DEPEND. 11-12,0,1000,1000,0
0,24103,224,PRIMAS DE SEGUROS  ATEC.SOC.SAN.PERS.DEPEND. 11-12,0,600,600,669.77
0,24103,22706,EST. Y TRAB. TECNICO ATEC.SOC.SAN.PERS.DEPEND. 11-12,0,31000,31000,0
0,24104,203,ARRENDAMIENTOS DE MAQ.  INSTAL. Y UTILLAJE OPEAS 2011-12,0,600,600,0
0,24104,206,ARREND. DE EQUIPOS  PROCESOS DE INFORMACION  OPEAS 2011-12,0,4000,4000,0
0,24104,22000,ORDINARIO NO INVENTARIABLE  OPEAS 2011-12,0,3900,3900,0
0,24104,22001,"PRESA, REVISTAS, LIBROS Y OTRAS PUBL.  OPEAS 2011-12",0,500,500,0
0,24104,22002,MATERIAL INFORMATICO NO INVENTARIABLE  OPEAS 2011-12,0,3500,3500,0
0,24104,22602,PUBLICIDAD Y PROPAGANDA  OPEAS 2011-12,0,400,400,0
0,24110,22000,MAT. OFICINA  TELEF. RECEP. OFICINA,0,0,0,0
0,24110,22001,PRENSA REVIS. Y O. PUBLI. TELEF. RECEP. OFICINA,0,0,0,0
0,24110,22003,MAT. TECN. ESPE. N. INVEN. TELEF. RECEP. OFICINA,0,0,0,0
0,24110,224,PRIMAS DE SEGUROS TELEF. RECEP. OFICINA,0,0,0,0
0,24110,22706,ESTUD. Y TRABA. TECN. TELEF. RECEP. OFICINA,0,0,0,0
0,24111,206,ARRENDA. EQUIP. PROC. INFORMA. SECRETARIADO DIRECCION,0,0,0,0
0,24111,22000,MAT. OFICINA SECRETARIADO DIRECCION,0,0,0,0
0,24111,22001,PRENSA REVI. Y O. PUBLIC. SECRETARIADO DE DIRECCION,0,0,0,0
0,24111,22003,MAT.TEC.ESP.NO INVEN SECRETARIADO DIRECCION,0,0,0,0
0,24111,224,PRIMAS DE SEGURO SECRETARIADO DE DIRECCION,0,0,0,0
0,24111,22706,ESTUD. Y TRABA. TECN. SECRETARIADO DE DIRECCION,0,0,0,0
0,24112,206,ARRENDA. EQUIP. PRO. INFORMA. APLICA. INSFORMA. DE GESTION,0,0,0,0
0,24112,22000,MAT. OFICINA  APLICA.INFORMAT. GESTION,0,0,0,0
0,24112,22001,PRENSA REVIS. Y O. PUBLI. APLICA. INFORMAT. DE GESTION,0,0,0,0
0,24112,22003,MATE.TEC. NOP INVEN. APLICA. INFORMA. DE  GESTIÓN,0,0,0,0
0,24112,224,PRIMAS DE SEGUROS APLICA. INFORMA. DE GESTION,0,0,0,0
0,24112,22706,ESTUD. Y TRABA. TECN. APLICA. INFORMA. DE GESTION,0,0,0,0
0,24113,14300,RETR. EVENTUA CASA OFICIOS MONITOR SOCIO CULTURAL 2010 2011,0,72249.99,72249.99,52968.78
0,24113,16000,SEGURIDAD SOCIAL C.O. MONITOR SOCIO CULTURAL 2010 2011,0,14631.41,14631.41,11188.48
0,24113,22000,ORDINARIO NO INVENT C.O. MONITOR SOCIO CULTURAL 2010 2011,0,925.47,925.47,2015.1
0,24113,22001,"PRESA, REVISTAS Y LIBR C.O. MONI SOCIO CULTURAL",0,0,0,707.1
0,24113,22003,MATE NO INV. C.O. MONITOR SOCIO CULTURAL 2010  2,0,2098.51,2098.51,4986.21
0,24113,22104,VESTUARIO C.O. MONITOR SOCIO CULTURAL 2010 2011,0,825.61,825.61,272.63
0,24113,223,TRANSPORTES C.O. MONITOR SOCIO CULTURAL 2010 211,0,1089.6,1089.6,194.4
0,24113,224,PRIMAS DE SEGUROSC.O. MONITOR SOCIO CULTURAL 2010 211,0,250.09,250.09,0
0,24113,22609,ACTIVIDADES CULTUR C.O. MONITOR SOCIO CULTURAL 2010 2011,0,445.99,445.99,0
0,24113,22706,ESTUDIOS Y  TRABATECNI C.O. MONITOR SOCIO CULTURAL 2010 2011,0,850.09,850.09,0
0,24113,23020,DEL PERSO NO DIRECTIVOC.O. MONITOR SOCIO CULTURAL 2010 2011,0,3000,3000,0
0,24114,14300,RETRI. P. EVENTUAL CASA OFICIOS EMPLEADO DE OFICINA 2010 201,0,67619.33,67619.33,51967.08
0,24114,16000,SEGURIDAD SOCIAL C.O. EMPLEADO DE OFICINA,0,13341.26,13341.26,12634.84
0,24114,22000,ORDINARIO NO INVENTARIABLE C.O. EMPLEADO OFICINA 2010 2011,0,3853.98,3853.98,4946.15
0,24114,22001,"PRENSA, LIBROS C.O.EMPLEADO OFICINA 2010 2011",0,0,0,0
0,24114,22003,MATE. NO INVEN C.O. EMPLEADO OFICINA 2010 2011,0,1760.96,1760.96,3553.81
0,24114,22104,VESTUARIO C.O. EMPELADO OFICINA 2010 2011,0,400,400,0
0,24114,223,TRANSPORTES C.O. EMPELADO OFICINA 2010 2011,0,805.6,805.6,0
0,24114,224,PRIMAS DE SEGUROS C.O. EMPELADO OFICINA 2010 2011,0,250.09,250.09,0
0,24114,22609,ACTIVIDADES CULTURALES C.O. EMPELADO OFICINA 2010 2011,0,400,400,0
0,24114,22706,ESTUDIOS Y TRABAJOS TECNICOSC.O. EMPELADO OFICINA 2010 2011,0,2360.28,2360.28,0
0,24117,206,ARRENDA. EQUIP. PROC.INORMA. TEC.ADMTVAS.GESTION RRHH,0,0,0,0
0,24117,22001,PRENSA REVIS. Y . O. PUBLI. TEC. ADMTVAS. GESTION RR.HH.,0,0,0,0
0,24117,22003,MAT.TEC. ESPECIAL TEC ADTIVA GESTIÓN RR.HH.,0,0,0,0
0,24117,224,PRIMAS DE SEGUROS TEC. ADMTVAS. GESTION RR.HH.,0,0,0,0
0,24117,22706,ESTUD. Y TRABA. TECN. CURSO TECN. AMTVAS. GEST. RR.HH.,0,0,0,0
0,24118,206,ARRENDA. EQUIP. PROC. INFORMA. TECN. DPTO. PERSONAL,0,0,0,0
0,24118,22000,MATERIAL DE OFICINA TEC. DPTO. DE PERSONAL,0,0,0,0
0,24118,22001,PRENSA REVIS. Y O. PUBLI. TECN. DPTO. PERSONAL,0,0,0,0
0,24118,22003,MAT. TEC. ESPE. N. INVEN. TECN. DPTO. PERSONAL,0,0,0,0
0,24118,224,PRIMAS DE SEGUROS TECN. DPTO. PERSNAL,0,0,0,0
0,24118,22706,ESTUD. Y TRABA. TECNICOS TECN. DPTO. PERSONAL,0,0,0,0
0,24119,206,ARRENDA. EQUIP. PROC. INFORMA. RECEPCIO. DE EMPRESAS,0,0,0,0
0,24119,22001,PRENSA REVIS. Y O. PUBLI. RECEPC. DE EMPRESA,0,0,0,0
0,24119,22003,MAT.TECN. ESPE. N. INVEN. RECEPC.  DE EMPRESA,0,0,0,0
0,24119,224,PRIMAS DE SEGURO  RECEPCI. DE EMPRESA,0,0,0,0
0,24119,22706,ESTUD. Y TRABA. TECNI. RECEPCIO. DE EMPRESA,0,0,0,0
0,24120,206,ARRENDA. EQUIP. PROC. INFORMA.SECRETARIADO JURIDICO,0,0,0,0
0,24120,22000,MAT. OFICINA  SECRETARIADO JURÍDICO,0,0,0,0
0,24120,22001,PRENSA REVIS. Y O. PUBLI. SECRETARIADO JURÍDICO,0,0,0,0
0,24120,22003,MAT. TECN. ESPE. N. INVEN. SECRETARIADO JURIDICO,0,0,0,0
0,24120,224,PRIMAS DE SEGUROS  SECRETARIADO JURIDICO,0,0,0,0
0,24120,22706,ESTUD. Y TRABA. TECN. SECRETARIADO JURIDICO,0,0,0,0
0,24121,206,ARRENDA. EQUIP.PROC.INFORMA MARKETING RELACIONAL,0,0,0,0
0,24121,22001,PRENSA REVIS. Y O. PUBLI. MARKETING RELACIONAL,0,0,0,0
0,24121,22003,MAT.TEC.ESPE.N. INVEN. MARKETING RELACIONAL,0,0,0,0
0,24121,224,PRIMAS DE SEGUROS MARKETING RELACIONAL,0,0,0,0
0,24121,22706,ESTUD. Y TRABA. TECN. MARKETING RELACIONAL,0,0,0,0
0,24122,203,ARRENDA MAQ. INSTA. UTI. ATENCION Y CUIDADO DEL HOGAR,0,0,0,0
0,24122,206,ARRENDAMIENTOS DE EQUIPOS PARA PROCESOS DE INFORMACION,0,0,0,0
0,24122,22000,MATERIAL DE OFICINA ATENCION Y CUIDADO HOGAR,0,0,0,0
0,24122,22001,PRENSA REVIS. Y O. PUBLI. ATENCION Y CUIDADO DEL HOGAR,0,0,0,0
0,24122,22003,MAT. TEC. ESPE. N. INVEN.  ATENCIÓN Y CUIDADO DEL HOGAR,0,0,0,0
0,24122,223,TRANSPORTES ATENCION Y CUIDADO DEL HOGAR,0,0,0,0
0,24122,224,PRIMAS DE SEGURO ATENCION Y CUIDADO DEL HOGAR,0,0,0,0
0,24122,22706,ESTUD. Y TRABA. TECN. ATENCION Y CUIDADO DEL HOGAR,0,0,0,0
0,24123,203,ARRENDA. MAQ. INSTA. Y UTI.  ASISTENTE GERIATRIA,0,0,0,0
0,24123,22000,MAT. DE OFICINA  ASISTENTE DE GERIATRÍA,0,0,0,0
0,24123,22001,"PRENSA,REVIS. LIBROS Y OTRAS PUB. ASISTENTE GERIATRIA",0,0,0,0
0,24123,22003,MAT. TEC. ESPE. N. INVEN.  ASISTENTE GERIATRÍA,0,0,0,0
0,24123,224,PRIMAS DE SEGUROS  ASISTENTE DE GERIATRÍA,0,0,0,0
0,24123,22706,ESTUDIOS Y TRABAJOS TÉCNICOS  ASISTENTE GERIATRIA,0,0,0,0
0,24124,203,ARRENDA MAQ. INSTA Y UTI. AUXILIAR DE COMEDOR Y OCIO,0,0,0,0
0,24124,22000,MAT. DE OFICINA AUXILIAR COMEDOR Y OCIO,0,0,0,0
0,24124,22001,PRENSA REVIS. LI. Y O. PUBLI. AUXILIAR DE COMEDOR Y OCIO,0,0,0,0
0,24124,22003,MAT.TEC.ESPE.NO INV. AUXILIAR DE COMEDOR Y OCIO,0,0,0,0
0,24124,224,PRIMAS DE SEGUROS AUXILIAR  DE COMEDOR Y OCIO,0,0,0,0
0,24124,22706,ESTUID. Y TRBA. TECN. AUXILIAR DE COMEDOR Y OCIO,0,0,0,0
0,24125,143,OTRO PERSONAL T.E. AYUDA A DOMICILIO,0,0,0,0
0,24125,16000,SEGURIDAD SOCIAL T.E. AYUDA A DOMICILIO,0,0,0,0
0,24125,22000,MAT. DE OFICINA T.E. AYUDA  A DOMICILIO,0,0,0,0
0,24125,22001,PRENSA REVIS. LI. Y O. PUBLI T.E. AYUDA A DOMICILIO,0,0,0,0
0,24125,22003,MATE.TEC. ESP. NO INV. T.E.AYUDA DOMICILIO,0,0,0,0
0,24125,22104,VESTUARIO T.E. AYUDA A DOMICILIO,0,0,0,0
0,24125,223,TRANSPORTE T.E. AYUDA A DOMICILIO,0,0,0,0
0,24125,22609,ACTIVIDA. CULTURA. Y DEPORTI. T.E. AYUDA A DOMICILIO,0,0,0,0
0,24125,22706,ESTUD. Y TRABA. TECN. T.E. AYUDA A DOMICILIO,0,0,0,0
0,24127,22003,MAT.TEC.ESP.NO INV.CO.MONITOR TIEMPO LIBRE,0,0,0,0
0,24130,143,OTRO PERSONAL C.O. DESARROLLO SISTEMAS INFORMATICOS,0,0,0,0
0,24130,16000,SEGURIDAD SOCIAL C.O. DESARROLLO SISTEMAS INFORMATICOS,0,0,0,0
0,24130,213,MAQ. INSTA. Y UTI. C.O. DESARROLLO SISTEMAS INFORMATICOS,0,0,0,0
0,24130,22000,MAT. DE OFICINA C.O. DESARROLLO SISTEMAS INFORMATICOS,0,0,0,0
0,24130,22001,PRENSA REVIS.LI. Y O. PUBLI. C.O. DESARRO. SISTE. INFORMA.,0,0,0,0
0,24130,22003,MAT.TEC.ESPEC.NO INVENTA.C.O.DESARROLLO SIST.INFOR.,0,0,0,0
0,24130,22104,VESTUARIO C.O.DESARROLLO SIST.INFORMÁTICOS,0,0,0,0
0,24130,223,TRANSPORTES C.O.DESARROLLO SIST.INFORMÁTICOS,0,0,0,0
0,24130,224,PRIMAS DE SEGUROS C.O.DESARROLLO SISTEMAS INFOR.,0,0,0,0
0,24130,22699,OTROS GASTOS DIVERSOS C.O.DESARROLLO SIST.INFORMÁTICOS,0,0,0,0
0,24130,22706,ESTUDIOS Y TRABAJOS TÉCNICOS C.O.DESARROLLO SIST.INFORM.,0,0,0,0
0,24131,143,OTRO PERSONAL C.O. MONITOR SOCIO CULTURAL 2009-10,0,0,0,0
0,24131,16000,SEGURIDAD SOCIAL C.O. MONITOR SOCIO CULTURAL 2009-10,0,0,0,0
0,24131,22000,MAT. DE OFICINA C.O.  MONITOR SOCIO-CULTURAL 2009-10,0,0,0,0
0,24131,22001,PRENSA REVIS. LI. Y O. PUBLI C.O. MONIT SOCIO CULTU. 2009-10,0,0,0,0
0,24131,22003,MAT.TEC.ESPE.NO INVE.C.O. MONITOR SOCIO CULTURAL 2009-10,0,0,0,0
0,24131,22104,VESTUARIO C.O.  MONITOR SOCIO-CULTURAL 2009-10,0,0,0,0
0,24131,223,TRANSPORTES  C.O. MONITOR SOCIO-CULTURAL 2009-10,0,0,0,0
0,24131,224,PRIMAS DE SEGUROS C.O. MONITOR SOCIO CULTURAL 2009-10,0,0,0,0
0,24131,22699,OTROS GASTOS DIVERSOS C.O. MONITOR SOCIO CULTURAL 2009-10,0,0,0,0
0,24131,22706,ESTUDIOS Y TRABAJOS TÉCNICOS MONITOR SOCIO-CULTURAL 2009-10,0,0,0,0
0,24131,23020,DIETAS PERSONAL NO DIRECTIVO MONITOR SOCIO-CULTURAL 2009-10,0,0,0,0
0,24132,14300,RETRIB. PERS. EVENT. PROYEC. SEÑALIZACION VIARIA,0,0,0,0
0,24132,16000,SEGURIDAD SOCIAL PROYECTO SEÑALIZACION VIARIA,0,0,0,0
0,24133,14300,RETRIB. PERS.EVENT. PROYECTO CATALOGA. ARCHIVO BIBLIOT.,0,0,0,0
0,24133,16000,SEGURIDAD SOCIAL PROYECT. CATALOGA. ARCHIV. Y BIBLIOT.,0,0,0,0
0,24139,143,OTRO PERSONAL T.E. CUIDADOR INFANTIL,0,0,0,0
0,24139,16000,SEGURIDAD SOCIAL T.E. CUIDADOR INFANTIL,0,0,0,0
0,24139,22000,MAT. OFICINA T.E. CUIDADOR INFANTIL,0,0,0,0
0,24139,22001,PRENSA REVIS LI. Y O. PUBLIC. T.E. CUIDADOR INFANTIL,0,0,0,0
0,24139,22003,MAT.TECN. ESPE. N. INVEN. T.E. CUIDADOR INFANTIL,0,0,0,0
0,24139,22104,VESTUARIO T. E. CUIDADOR INFANTIL,0,0,0,0
0,24139,223,TRANSPORTES T.E. CUIDADOR INFANTIL,0,0,0,0
0,24139,22699,OTROS GASTOS DIVERSOS T.E. CUIDADOR INFANTIL,0,0,0,0
0,24139,22706,ESTUD. Y TRABA. TECN. T.E. CUIDADOR INFANTIL,0,0,0,0
0,24140,143,OTRO PERSONAL T.E. NUEVAS TECNO. GESTION EMPRESA.,0,0,0,0
0,24140,16000,SEGURIDAD  SOCIAL T.E. NUEVAS TECNOLO. GEST. EMPRESARIAL,0,0,0,0
0,24141,14300,RETRIBUCIONES PERSONAL EVENTUAL CUIDADOR INFANTIL,0,0,0,0
0,24141,16000,SEGURIDAD SOCIAL CUIDADOR INFANTIL,0,0,0,0
0,24142,143,OTRO PERSONAL T.E. REMODELA. CENTRO RAMON ARECES,0,0,0,0
0,24142,16000,SEGURIDAD SOCIAL T.E. REMODELAC. CENTRO RAMON ARECES,0,0,0,0
0,24142,210,INFRAS.Y BIENES NATU. T.E. REMODELA. CENTRO RAMON ARECES,0,0,0,0
0,24142,213,MAQ. INSTA. Y UTI. T.E. REMODELACION CENTRO RAMON ARECES,0,0,0,0
0,24142,22000,MAT. DE OFICINA T.E. REMODELA. CENTRO RAMON ARECES,0,0,0,0
0,24142,22001,PRESA REVIS. LI. Y O. PUBLI. T.E. REMODELA. CENTRO RAMON ARE,0,0,0,0
0,24142,22104,VESTUARIO T.E. REMODELACION CENTRO RAMON ARECES,0,0,0,0
0,24142,22602,PUBLICIDAD Y PROPAGANDA T.E. REMODELA. CETRO. R. ARECES,0,0,0,0
0,24142,22706,ESTUD. Y TRABA. TECN. REMODELACION CENTRO RAMON ARECES,0,0,0,0
0,24143,206,ARREND. EQUIP. PROC. INFORM. CURSO DISEÑO Y MODIF. PLANOS,0,0,0,0
0,24143,22001,"PRESA, REV. , LIBROS Y O.  PUBLIC. CURSO DISEÑO Y MODIF. PLA",0,0,0,0
0,24143,22003,MAT. TECN.  ESPECIAL NO INVENT. CURSO DISEÑO Y MODIF. PLANOS,0,0,0,0
0,24143,224,PRIMAS DE SEGUROS CURSO DISEÑO Y MODIF. PLANOS,0,0,0,0
0,24143,22706,ESTUDIOS Y TRABAJOS TECNICOS CURSO DISEÑO Y MODIF. PLANOS,0,0,0,0
0,24144,206,ARREND. EQUIP. PROC. INFORM. CURSO GESTION PROG. TURISMO RUR,0,0,0,0
0,24144,22000,ORDINARIO NO INVENTARIABLE CURSO GESTION PROG. TURISMO RUR,0,160,160,0
0,24144,22001,"PRESA, REV. Y O. PUBLIC. CURSO GESTION PROG. TURISMO RUR",0,406.7,406.7,0
0,24144,22003,MAT. TEC. ESPECIAL NO INVE CURSO GESTION PROG. TURISMO RUR,0,194.95,194.95,0
0,24144,223,TRANSPORTES,0,0,0,410.4
0,24144,224,PRIMAS DE SEGUROS CURSO GESTION PROG. TURISMO RUR,0,0,0,0
0,24144,22706,ESTUDIOS Y TRABAJOS TECNICOS CURSO GESTION PROG. TURISMO RUR,0,12000,12000,12000
0,24145,206,ARREND. EQUIP. PROC. INFORMAC. CURSO CONTAB.  Y FISCALIDAD,0,0,0,0
0,24145,22001,"PRENSA, REVIST. Y O. PUBLIC. CURSO CONTAB.  Y FISCALIDAD",0,0,0,0
0,24145,22003,MAT. TEC. ESPEC. NO INV. CURSO CONTAB.  Y FISCALIDAD,0,0,0,0
0,24145,224,PRIMAS DE SEGUROS CURSO CONTAB.  Y FISCALIDAD,0,0,0,0
0,24145,22706,ESTUDIOS Y TRABAJOS TECNICOS CURSO CONTAB.  Y FISCALIDAD,0,0,0,0
0,24146,14300,RET. PERS. EVENTUAL T.E. CUIDADOR INFANTIL 2010-2011,0,204566.97,204566.97,207957.68
0,24146,16000,SEGURIDAD SOCIAL T.E. CUIDADOR INFANTIL 2010-2011,0,29898.52,29898.52,21647.71
0,24146,22000,ORDINARIO NO INVENTARIABLE T.E. CUIDADOR INFANTIL 2010-2011,0,2098.48,2098.48,4114.09
0,24146,22001,"PRENS, REVIST. Y O. PUBL. T.E. CUIDADOR INFANTIL 2010-2011",0,1014.3,1014.3,2192.98
0,24146,22003,MAT. TEC. ESPEC. NO INV. T.E. CUIDADOR INFANTIL 2010-2011,0,6898.52,6898.52,6714.05
0,24146,22104,VESTUARIO T.E. CUIDADOR INFANTIL 2010-2011,0,900,900,584.15
0,24146,223,TRANSPORTES T.E. CUIDADOR INFANTIL 2010-2011,0,600,600,0
0,24146,22706,ESTUDIOS Y TRABAJO TECNICOS T.E. CUIDADOR INFANTIL 2010-2011,0,2660.28,2660.28,2400
0,24147,14300,OTRO.PERSONAL .PROYECTO CUIDADOR INFANTIL COLEGIOS 2010-2011,0,42428.44,42428.44,42899.54
0,24147,16000,SEGURIDAD SOCIAL PROYECTO CUIDADOS INFANT COLEGIOS 2010 2011,0,16963.83,16963.83,16617.87
0,24148,14300,OTRO.PERSONAL .PROYECTO PLAN EMERGENCIA P. CIVIL 2010-2011,0,47606.47,47606.47,49852.33
0,24148,16000,S.S. PLAN DE EMERGENCIA PROTECCIÓN CIVIL 2010  2011,0,19952.6,19952.6,20099.39
0,24149,206,ARRENDAMIENTOS DE EQUIPOS PARA PROCESOS DE INFORMACION,0,0,0,0
0,24149,22000,ORDINARIO NO INVENTARIABLE,0,0,0,0
0,24149,22001,"PRESA, REVISTAS, LIBROS Y OTRAS PUBLICACIONES",0,0,0,0
0,24150,14300,OTRO.PERSONAL .PROY.  ATENCION COLECTIVOS DESFAV. 2010-2011,0,164986.68,164986.68,169654.33
0,24150,16000,SEGURIDAD SOCIAL PROY. ATENCION COLECTICOS DESFAVORECIDOS,0,64214.33,64214.33,64497.35
0,24151,14300,OTRO.PERSONAL .PROY. REHABI. CASCO HISTORICO 2010-2011,0,79894.1,79894.1,80409.2
0,24151,16000,S. SOCIA  PRO.REHABILITACIÓN CASCO HISTORICO 2010 2011,0,37677.83,37677.83,34389.57
0,24152,203,"ARREN.MAQ., INSTALAC. Y UTILLAJE PROY.OPEAS 2010-2011",0,0,0,0
0,24152,205,ARRENDAMIENTOS DE MOBILIARIO Y ENSERES. PROYECTO OPEAS 2010-,0,0,0,424.8
0,24152,206,ARREN. EQUI INFORM.   PROY. OPEAS 2010-2011.AMPLIACION APLIC,0,0,0,1345.2
0,24152,22000,ORDINARIO NO INVENTARIABLE  PROY. OPEAS 2010 2011,0,2151.81,2151.81,2349.74
0,24152,22001,"PRESA, REVISTAS, LIBROS Y OTRAS PUBLIC PROY. OPEAS 2010 2011",0,1352.9,1352.9,975.7
0,24152,22002,MATERIAL INFORMATICO NO INVENTARIABLEPROY. OPEAS 2010 2011,0,1940.58,1940.58,0
0,24152,22602,PUBLICIDAD Y PROPAGANDA PROY. OPEAS 2010 2011,0,300,300,299.72
0,24153,206,ARREND. EQUIP. PROC. INFOR. CURSO TEC. AVANZAD SECERATARIADO,0,1000,1000,1000
0,24153,22001,"PRENSA, REVISTAS Y O. PUBL. CURSO TEC. AVANZADAS SECERATARIA",0,487,487,341.1
0,24153,224,PRIMAS DE SEGUROS CURSO TEC. AVANZADAS SECERATARIADO,0,500,500,581.63
0,24153,22706,ESTUDIOS Y TRABAJOS TECNICOS CURSO TEC. AVANZADAS SECERATARI,0,6000,6000,6000
0,24154,203,ARREND. EQUIP. INF. CURSO SERV. HOTELERO CAMARERO/AS,0,2500,2500,1200
0,24154,206,ARRENDAMIENTOS DE EQUIPOS PARA PROCESOS DE INFORMACION,0,0,0,2500
0,24154,22000,MAT. OFICINA CURSO SERV. HOTELERO CAMARERO/AS,0,900,900,1066.91
0,24154,22001,"PRENSA, REV. Y O. PUBLIC. CURSO SERV. HOTELERO CAMARERO/AS",0,825,825,342
0,24154,22003,MAT. TEC. ESPEC. NO INVENT. CURSO SERV. HOTELERO CAMARERO/AS,0,1800,1800,967.36
0,24154,224,PRIMAS DE SEGUROS CURSO SERV. HOTELERO CAMARERO/AS,0,600,600,646.53
0,24154,22706,ÉSTUD. Y TRAB. TEC. CURSO SERV. HOTELERO CAMARERO/AS,0,12000,12000,12000
0,24155,203,ALQ.. MAQ. INSTA Y UTILL. CURSO CAMARERO/A LIMPIADOR/A HOSP.,0,1588,1588,1600
0,24155,22000,MAT. OFICINA CURSO CAMARERO/A LIMPIADOR/A HOSPIT. Y C. RESID,0,500,500,494.27
0,24155,22001,"PRENSA, REV. Y O. PUBL. CURSO CAMARERO/A LIMPIADOR/A HOSPITA",0,600,600,747
0,24155,22003,MAT. TEC. NO INV. CURSO CAMARERO/A LIMPIADOR/A HOSPITALES Y,0,600,600,508.58
0,24155,224,PRIMAS DE SEGUROS CURSO CAMARERO/A LIMPIADOR/A HOSPITALES,0,600,600,645.15
0,24155,22706,EST. Y TRAB. TEC. CURSO CAMARERO/A LIMPIADOR/A HOSP.,0,9000,9000,9000
0,24156,206,"ARRED. EQUIP. PROC. INF, CURSO CREAC. Y DESARR. GEST. PYME",0,1300,1300,1299.99
0,24156,22001,"PRENSA, RV. Y O. PUBL. CURSO CREAC. Y DESARR. GEST. PYME",0,700,700,639
0,24156,22003,"MAT. TEC, ESP. NO INV. CURSO CREAC. Y DESARR. GEST. PYME",0,641,641,1041.44
0,24156,224,PRIMAS DE SEGUROS CURSO CREAC. Y DESARR. GEST. PYME,0,600,600,581.64
0,24156,22706,EST. Y TRAB. TEC. CURSO CREAC. Y DESARR. GEST. PYME,0,8000,8000,8000
0,24157,203,ARREND. MAQ. INST. UTILL. CURSO MAQUINISTA CONFECC. INDUST.,0,5900,5900,5971.3
0,24157,206,"ARREND, EQUIP. PROC. INFO. CURSO MAQUINISTA CONFECC. INDUST.",0,1800,1800,2000.01
0,24157,22000,MAT. OFICINA CURSO MAQUINISTA CONFECC. INDUST.,0,2000,2000,967.36
0,24157,22001,"PRENSA, REVISTA Y O. PUBLIC. CURSO MAQUINIST CONFECC. INDUST",0,1002,1002,781.2
0,24157,22003,MAT. TEC. ESP. NO INV. CURSO MAQUINISTA CONFECC. INDUST.,0,4000,4000,4362.67
0,24157,223,TRANSPORTES CURSO MAQUINISTA CONFECC. INDUST.,0,300,300,194.4
0,24157,224,PRIMAS DE SEGUROS CURSO MAQUINISTA CONFECC. INDUST.,0,600,600,795.96
0,24157,22706,EST. Y TRAB. TEC. CURSO MAQUINISTA CONFECC. INDUST.,0,12000,12000,12000
0,24158,203,ARRRE. MAQ. INSTA. Y UTILL. CURSO CUIDAD. Y ATENC. PERS. MAY,0,1200,1200,1200
0,24158,22000,MAT. OFICINA CURSO CUIDADO Y ATENC. PERS. MAYORES,0,500,500,718.93
0,24158,22001,"PRENSA, REV. Y O. PUBL. CURSO CUIDADO Y ATENCION PERS. MAYOR",0,600,600,594
0,24158,22003,MAT. TEC. ESP. NO INV. CURSO CUIDADO Y ATENCION PERS. MAYOR,0,745,745,508.58
0,24158,224,PRIMAS DE SEGUROS CURSO CUIDADO Y ATENCION PERS. MAYOR,0,600,600,645.15
0,24158,22706,ESTUDIOS Y TRABAJOS TECNICOS CURSO CUIDADO Y ATENCION PERS.,0,9500,9500,9500
0,24159,203,ARREND. MAQ. INSTA. Y UTILL. CURSO AUX. COMEDOR Y OCIO,0,1000,1000,1000
0,24159,22000,MAT. OFICINA CURSO AUX. COMEDOR Y OCIO,0,500,500,362.79
0,24159,22001,"PRENSA, REV. Y O. PUBL. CURSO AUX. COMEDOR Y OCIO",0,700,700,522
0,24159,22003,MAT. TEC. ESPEC. NO INVENT. CURSO AUX. COMEDOR Y OCIO,0,612,612,967.36
0,24159,224,PRIMAS DE SEGUROS CURSO AUX. COMEDOR Y OCIO,0,600,600,581.64
0,24159,22706,EST. Y TRAB. TEC. CURSO AUX. COMEDOR Y OCIO,0,8000,8000,8000
0,24160,14300,R.P.E. C.O. EMPLEADO OFICINA  2011-2012,0,121561.34,121561.34,46451.45
0,24160,16000,C.O. EMPLEADO OFICINA 2011-2012  SEGURIDAD SOCIAL,0,25148.5,25148.5,9679.68
0,24160,22000,MATERIAL OFI. NO INVENTA  C.O. EMPLEADO OFICINA 2011-2012,0,10022.4,10022.4,8083.16
0,24160,22001,"C.O. EMPLEADO OFICINA 2011-2012  PRENSA,REVISTAS, LIBROS",0,9000,9000,7318.57
0,24160,22003,C.O. EMPLEADO OFICINA 2011-2012  MATERIAL TÉCNICO ESPEC. NO,0,8100,8100,3996.91
0,24160,223,C.O. EMPLEADO OFICINA 2011-2012  TRANSPORTES,0,600,600,194.4
0,24160,224,PRIMAS DE SEGUROS  C.O. EMPLEADO OFICINA 2011-2012,0,400,400,341.33
0,24160,22602,C.O. EMPLEADO OFICINA 2011-2012  PUBLICIDAD Y PROPAGANDA,0,300,300,299.72
0,24160,22609,C.O. EMPLEADO OFICINA 2011-2012  ACTIVIDADES VARIAS,0,500,500,0
0,24160,22706,C.O. EMPLEADO OFICINA 2011-2012  ESTUDIOS Y TRABAJOS TÉCNIC,0,3000,3000,2340
0,24161,14300,R.P.E. C.O. TEC.SIST. MICROF. 2011-2012,0,121417.58,121417.58,51349.33
0,24161,16000,C.O. TEC.SIS MICROINFORMATICO 2011-2012 SEGURIDAD SOCIAL,0,25148.5,25148.5,9519.1
0,24161,216,EQUIP. PROC. INFORM. C.O. TECNICO SIS. MICROINFORM. 2011-12,0,5100,5100,4448.89
0,24161,22000,C.O. TEC.SIS MICROINFORMATICO 2011-2012 ORDINARIO NO INVENTA,0,10422.4,10422.4,6036.74
0,24161,22001,"C.O. TEC.SIS MICROINFORMATICO 2011-2012 PRENSA, REVIS Y OTRA",0,5000,5000,5308.71
0,24161,22003,C.O. TEC.SIS MICROINFORMATICO 2011-2012 MATE. TECNICO NO INV,0,6800,6800,3937.5
0,24161,22104,C.O. TEC.SIS MICROINFORMATICO 2011-2012 VESTUARIO,0,900,900,0
0,24161,223,C.O. TEC.SIS MICROINFORMATICO 2011-2012 TRANSPORTES,0,800,800,0
0,24161,224,C.O. TEC.SIS MICROINFORMATICO 2011-2012 PRIMA DE SEGUROS,0,300,300,341.33
0,24161,22602,PUBLICIDAD Y PROPAGAC.O. TEC.SIS MICROINFORMATICO 2011-2012,0,300,300,299.72
0,24161,22706,C.O. TEC.SIS MICROINFORMATICO 2011-2012 ESTUDIOS Y TRAB TEC.,0,2500,2500,2340
0,24162,14300,R.P.E.  PROYECTO REHABILITACION CENTRO URBANO 2011-12,0,119841.18,119841.18,67910.23
0,24162,16000,SEG.  SOC.  PROYECTO REHABILITACION CENTRO URBANO 2011-12,0,45299.88,45299.88,18120.01
0,24163,14300,R.P.E. PROYECTO ARCHIVO Y BIBLIOTECA 2011-12,0,67593.24,67593.24,19777.8
0,24163,16000,SEG. SOC. PROYECTO ARCHIVO Y BIBLIOTECA 2011-12,0,21697.43,21697.43,3174.35
0,24164,14300,R.P.E. PROYECTO PLAN EMERGENCIA P.CIVIL  II 2011-12,0,80841.6,80841.6,26947.2
0,24164,16000,SEG.SOC. PROYECTO PLAN EMERGENCIA P.CIVIL  II 2011-12,0,26407.81,26407.81,4401.33
0,24165,14300,R.P.E. INTERVENCION SOCIAL COLECTIVO EN RIESGO 2011-12,0,244042.8,244042.8,81347.8
0,24165,16000,SEG. SOC. INTERVENCION SOCIAL COLECTIVO EN RIESGO 2011-12,0,78337.44,78337.44,13056.33
